Workbook

Sheet TABLEAU
A1: N

Sheet YOUBA ADZOPE
H2: 0
D3: ANNEE | E3: CHIFFRE AFFAIRE | F3: TOTAL VERSEMENT | G3: SOLDE
D4: BILAN | E4: =+SUM(SENATBL47[TOTAL MONTANT]) -> 580000 | F4: =+SUM(SENATBL47[VERSEMENT]) -> 0 | G4: =+E4-F4 -> 580000
B5: NOM CLIENT
B6: YOUBA ADZOPE | E6: TRUE
A8: DATE | B8: DESIGNATION | C8: QUANTITE | D8: PRIX UNITAIRE | E8: TOTAL MONTANT | F8: VERSEMENT | G8: SOLDE
A9: 46049 | B9: PNEU 8.25R16 | C9: 2 | D9: 75000 | E9: =+$H$2+(SENATBL47[[#This Row],[QUANTITE]]*SENATBL47[[#This Row],[PRIX UNITAIRE]]) -> 150000 | G9: =SUM(E$9:$E9)-SUM(F$9:$F9) -> 150000
E10: =+$H$2+(SENATBL47[[#This Row],[QUANTITE]]*SENATBL47[[#This Row],[PRIX UNITAIRE]]) -> 0 | G10: =SUM(E$9:$E10)-SUM(F$9:$F10) -> 150000
A11: 46049 | B11: BATTERIE 120AH | C11: 2 | D11: 85000 | E11: =+$H$2+(SENATBL47[[#This Row],[QUANTITE]]*SENATBL47[[#This Row],[PRIX UNITAIRE]]) -> 170000 | G11: =SUM(E$9:$E11)-SUM(F$9:$F11) -> 320000
A12: 46063 | B12: PNEU 315/80R22.5 MIXTE | C12: 2 | D12: 130000 | E12: =+$H$2+(SENATBL47[[#This Row],[QUANTITE]]*SENATBL47[[#This Row],[PRIX UNITAIRE]]) -> 260000 | G12: =SUM(E$9:$E12)-SUM(F$9:$F12) -> 580000
E13: =+$H$2+(SENATBL47[[#This Row],[QUANTITE]]*SENATBL47[[#This Row],[PRIX UNITAIRE]]) -> 0 | G13: =SUM(E$9:$E13)-SUM(F$9:$F13) -> 580000
E14: =+$H$2+(SENATBL47[[#This Row],[QUANTITE]]*SENATBL47[[#This Row],[PRIX UNITAIRE]]) -> 0 | G14: =SUM(E$9:$E14)-SUM(F$9:$F14) -> 580000
E15: =+$H$2+(SENATBL47[[#This Row],[QUANTITE]]*SENATBL47[[#This Row],[PRIX UNITAIRE]]) -> 0 | G15: =SUM(E$9:$E15)-SUM(F$9:$F15) -> 580000
E16: =+$H$2+(SENATBL47[[#This Row],[QUANTITE]]*SENATBL47[[#This Row],[PRIX UNITAIRE]]) -> 0 | G16: =SUM(E$9:$E16)-SUM(F$9:$F16) -> 580000
E17: =+$H$2+(SENATBL47[[#This Row],[QUANTITE]]*SENATBL47[[#This Row],[PRIX UNITAIRE]]) -> 0 | G17: =SUM(E$9:$E17)-SUM(F$9:$F17) -> 580000
E18: =+$H$2+(SENATBL47[[#This Row],[QUANTITE]]*SENATBL47[[#This Row],[PRIX UNITAIRE]]) -> 0 | G18: =SUM(E$9:$E18)-SUM(F$9:$F18) -> 580000
E19: =+$H$2+(SENATBL47[[#This Row],[QUANTITE]]*SENATBL47[[#This Row],[PRIX UNITAIRE]]) -> 0 | G19: =SUM(E$9:$E19)-SUM(F$9:$F19) -> 580000
E20: =+$H$2+(SENATBL47[[#This Row],[QUANTITE]]*SENATBL47[[#This Row],[PRIX UNITAIRE]]) -> 0 | G20: =SUM(E$9:$E20)-SUM(F$9:$F20) -> 580000
E21: =+$H$2+(SENATBL47[[#This Row],[QUANTITE]]*SENATBL47[[#This Row],[PRIX UNITAIRE]]) -> 0 | G21: =SUM(E$9:$E21)-SUM(F$9:$F21) -> 580000
E22: =+$H$2+(SENATBL47[[#This Row],[QUANTITE]]*SENATBL47[[#This Row],[PRIX UNITAIRE]]) -> 0 | G22: =SUM(E$9:$E22)-SUM(F$9:$F22) -> 580000
E23: =+$H$2+(SENATBL47[[#This Row],[QUANTITE]]*SENATBL47[[#This Row],[PRIX UNITAIRE]]) -> 0 | G23: =SUM(E$9:$E23)-SUM(F$9:$F23) -> 580000
E24: =+$H$2+(SENATBL47[[#This Row],[QUANTITE]]*SENATBL47[[#This Row],[PRIX UNITAIRE]]) -> 0 | G24: =SUM(E$9:$E24)-SUM(F$9:$F24) -> 580000
... E159: =+$H$2+(SENATBL47[[#This Row],[QUANTITE]]*SENATBL47[[#This Row],[PRIX UNITAIRE]]) -> 0 | G159: =SUM(E$9:$E159)-SUM(F$9:$F159) -> 580000

Sheet NETCOM
I2: 0
D3: ANNEE | E3: CHIFFRE AFFAIRE | F3: TOTAL VERSEMENT | G3: SOLDE
D4: BILAN | E4: =+SUM(NETCOM[TOTAL MONTANT]) -> 7550000 | F4: =+SUM(NETCOM[VERSEMENT]) -> 3890000 | G4: =+E4-F4 -> 3660000
B5: NOM CLIENT
B6: NETCOM | E6: TRUE
A8: DATE | B8: DESIGNATION | C8: QUANTITE | D8: PRIX UNITAIRE | E8: TOTAL MONTANT | F8: VERSEMENT | G8: SOLDE
A9: 45863 | B9: NETCOM | E9: =+$I$2+(NETCOM[[#This Row],[QUANTITE]]*NETCOM[[#This Row],[PRIX UNITAIRE]]) -> 0 | G9: =SUM(E$9:$E9)-SUM(F$9:$F9) -> 0
A10: 45863 | B10: PNEU BLACKRIDER 315/80R22.5 MIXTE | C10: 4 | D10: 150000 | E10: =+$I$2+(NETCOM[[#This Row],[QUANTITE]]*NETCOM[[#This Row],[PRIX UNITAIRE]]) -> 600000 | G10: =SUM(E$9:$E10)-SUM(F$9:$F10) -> 600000
A11: 45863 | B11: PNEU 13R22.5 | C11: 1 | D11: 165000 | E11: =+$I$2+(NETCOM[[#This Row],[QUANTITE]]*NETCOM[[#This Row],[PRIX UNITAIRE]]) -> 165000 | G11: =SUM(E$9:$E11)-SUM(F$9:$F11) -> 765000
A12: 45863 | B12: PNEU 385/65R22.5 LONGTRACK | C12: 2 | D12: 185000 | E12: =+$I$2+(NETCOM[[#This Row],[QUANTITE]]*NETCOM[[#This Row],[PRIX UNITAIRE]]) -> 370000 | G12: =SUM(E$9:$E12)-SUM(F$9:$F12) -> 1135000
A13: 45863 | B13: BATTERIE 150 AH AUTO ENERGY | C13: 4 | D13: 110000 | E13: =+$I$2+(NETCOM[[#This Row],[QUANTITE]]*NETCOM[[#This Row],[PRIX UNITAIRE]]) -> 440000 | G13: =SUM(E$9:$E13)-SUM(F$9:$F13) -> 1575000
A14: 45863 | B14: PAYE PAR CHEQUE | E14: =+$I$2+(NETCOM[[#This Row],[QUANTITE]]*NETCOM[[#This Row],[PRIX UNITAIRE]]) -> 0 | F14: 1575000 | G14: =SUM(E$9:$E14)-SUM(F$9:$F14) -> 0
A15: 45871 | B15: HUILE MOTEUR SAE50 200L | C15: 1 | D15: 400000 | E15: =+$I$2+(NETCOM[[#This Row],[QUANTITE]]*NETCOM[[#This Row],[PRIX UNITAIRE]]) -> 400000 | G15: =SUM(E$9:$E15)-SUM(F$9:$F15) -> 400000
A16: 45871 | B16: HUILE HYDROLIQUE 68 200L | C16: 2 | D16: 400000 | E16: =+$I$2+(NETCOM[[#This Row],[QUANTITE]]*NETCOM[[#This Row],[PRIX UNITAIRE]]) -> 800000 | G16: =SUM(E$9:$E16)-SUM(F$9:$F16) -> 1200000
A17: 45871 | B17: PAYE PAR CHEQUE | E17: =+$I$2+(NETCOM[[#This Row],[QUANTITE]]*NETCOM[[#This Row],[PRIX UNITAIRE]]) -> 0 | F17: 1200000 | G17: =SUM(E$9:$E17)-SUM(F$9:$F17) -> 0
A18: 45882 | B18: PNEU 255/55R20 GLEDE | C18: 1 | D18: 80000 | E18: =+$I$2+(NETCOM[[#This Row],[QUANTITE]]*NETCOM[[#This Row],[PRIX UNITAIRE]]) -> 80000 | G18: =SUM(E$9:$E18)-SUM(F$9:$F18) -> 80000
A19: 45882 | B19: PNEU 265/65R18 GLEDE | C19: 1 | D19: 65000 | E19: =+$I$2+(NETCOM[[#This Row],[QUANTITE]]*NETCOM[[#This Row],[PRIX UNITAIRE]]) -> 65000 | G19: =SUM(E$9:$E19)-SUM(F$9:$F19) -> 145000
A20: 45888 | B20: PNEU 315/80R22.5 MIXTE | C20: 4 | D20: 150000 | E20: =+$I$2+(NETCOM[[#This Row],[QUANTITE]]*NETCOM[[#This Row],[PRIX UNITAIRE]]) -> 600000 | G20: =SUM(E$9:$E20)-SUM(F$9:$F20) -> 745000
A21: 45888 | B21: PNEU 385/65R22.5 LONGTRACK | C21: 2 | D21: 185000 | E21: =+$I$2+(NETCOM[[#This Row],[QUANTITE]]*NETCOM[[#This Row],[PRIX UNITAIRE]]) -> 370000 | G21: =SUM(E$9:$E21)-SUM(F$9:$F21) -> 1115000
A22: 45951 | B22: BARIQUE 68 200L | C22: 1 | D22: 400000 | E22: =+$I$2+(NETCOM[[#This Row],[QUANTITE]]*NETCOM[[#This Row],[PRIX UNITAIRE]]) -> 400000 | G22: =SUM(E$9:$E22)-SUM(F$9:$F22) -> 1515000
A23: 45951 | B23: BARIQUE SAE 50 | C23: 1 | D23: 400000 | E23: =+$I$2+(NETCOM[[#This Row],[QUANTITE]]*NETCOM[[#This Row],[PRIX UNITAIRE]]) -> 400000 | G23: =SUM(E$9:$E23)-SUM(F$9:$F23) -> 1915000
A24: 45964 | B24: HUILE HYDRAULIQUE 68 200L | C24: 1 | D24: 400000 | E24: =+$I$2+(NETCOM[[#This Row],[QUANTITE]]*NETCOM[[#This Row],[PRIX UNITAIRE]]) -> 400000 | G24: =SUM(E$9:$E24)-SUM(F$9:$F24) -> 2315000
A25: 45978 | B25: PAYER PAR CHEQUE N°000428 | C25: 1 | D25: 0 | E25: =+$I$2+(NETCOM[[#This Row],[QUANTITE]]*NETCOM[[#This Row],[PRIX UNITAIRE]]) -> 0 | F25: 1115000 | G25: =SUM(E$9:$E25)-SUM(F$9:$F25) -> 1200000
A26: 46000 | B26: PNEU 315/80R22.5 MIXTE | C26: 4 | D26: 150000 | E26: =+$I$2+(NETCOM[[#This Row],[QUANTITE]]*NETCOM[[#This Row],[PRIX UNITAIRE]]) -> 600000 | G26: =SUM(E$9:$E26)-SUM(F$9:$F26) -> 1800000
A27: 46013 | B27: BATTERIE 200AH ESAN | C27: 2 | D27: 120000 | E27: =+$I$2+(NETCOM[[#This Row],[QUANTITE]]*NETCOM[[#This Row],[PRIX UNITAIRE]]) -> 240000 | G27: =SUM(E$9:$E27)-SUM(F$9:$F27) -> 2040000
A28: 46044 | B28: PNEU 385/65R22.5 LONGTRACK | C28: 2 | D28: 185000 | E28: =+$I$2+(NETCOM[[#This Row],[QUANTITE]]*NETCOM[[#This Row],[PRIX UNITAIRE]]) -> 370000 | G28: =SUM(E$9:$E28)-SUM(F$9:$F28) -> 2410000
A29: 46044 | B29: PNEU 13R22.5 | C29: 1 | D29: 165000 | E29: =+$I$2+(NETCOM[[#This Row],[QUANTITE]]*NETCOM[[#This Row],[PRIX UNITAIRE]]) -> 165000 | G29: =SUM(E$9:$E29)-SUM(F$9:$F29) -> 2575000
A30: 46044 | B30: PNEU 315/80R22.5 MIXTE | C30: 3 | D30: 150000 | E30: =+$I$2+(NETCOM[[#This Row],[QUANTITE]]*NETCOM[[#This Row],[PRIX UNITAIRE]]) -> 450000 | G30: =SUM(E$9:$E30)-SUM(F$9:$F30) -> 3025000
A31: 46102 | B31: PNEU 315/80R22.5 MIXTE | C31: 3 | D31: 150000 | E31: =+$I$2+(NETCOM[[#This Row],[QUANTITE]]*NETCOM[[#This Row],[PRIX UNITAIRE]]) -> 450000 | G31: =SUM(E$9:$E31)-SUM(F$9:$F31) -> 3475000
A32: 46102 | B32: PNEU 385/65R22.5 MIXTE | C32: 1 | D32: 185000 | E32: =+$I$2+(NETCOM[[#This Row],[QUANTITE]]*NETCOM[[#This Row],[PRIX UNITAIRE]]) -> 185000 | G32: =SUM(E$9:$E32)-SUM(F$9:$F32) -> 3660000
E33: =+$I$2+(NETCOM[[#This Row],[QUANTITE]]*NETCOM[[#This Row],[PRIX UNITAIRE]]) -> 0 | G33: =SUM(E$9:$E33)-SUM(F$9:$F33) -> 3660000
E34: =+$I$2+(NETCOM[[#This Row],[QUANTITE]]*NETCOM[[#This Row],[PRIX UNITAIRE]]) -> 0 | G34: =SUM(E$9:$E34)-SUM(F$9:$F34) -> 3660000
E35: =+$I$2+(NETCOM[[#This Row],[QUANTITE]]*NETCOM[[#This Row],[PRIX UNITAIRE]]) -> 0 | G35: =SUM(E$9:$E35)-SUM(F$9:$F35) -> 3660000
E36: =+$I$2+(NETCOM[[#This Row],[QUANTITE]]*NETCOM[[#This Row],[PRIX UNITAIRE]]) -> 0 | G36: =SUM(E$9:$E36)-SUM(F$9:$F36) -> 3660000
E37: =+$I$2+(NETCOM[[#This Row],[QUANTITE]]*NETCOM[[#This Row],[PRIX UNITAIRE]]) -> 0 | G37: =SUM(E$9:$E37)-SUM(F$9:$F37) -> 3660000
E38: =+$I$2+(NETCOM[[#This Row],[QUANTITE]]*NETCOM[[#This Row],[PRIX UNITAIRE]]) -> 0 | G38: =SUM(E$9:$E38)-SUM(F$9:$F38) -> 3660000
E39: =+$I$2+(NETCOM[[#This Row],[QUANTITE]]*NETCOM[[#This Row],[PRIX UNITAIRE]]) -> 0 | G39: =SUM(E$9:$E39)-SUM(F$9:$F39) -> 3660000
E40: =+$I$2+(NETCOM[[#This Row],[QUANTITE]]*NETCOM[[#This Row],[PRIX UNITAIRE]]) -> 0 | G40: =SUM(E$9:$E40)-SUM(F$9:$F40) -> 3660000
E41: =+$I$2+(NETCOM[[#This Row],[QUANTITE]]*NETCOM[[#This Row],[PRIX UNITAIRE]]) -> 0 | G41: =SUM(E$9:$E41)-SUM(F$9:$F41) -> 3660000
E42: =+$I$2+(NETCOM[[#This Row],[QUANTITE]]*NETCOM[[#This Row],[PRIX UNITAIRE]]) -> 0 | G42: =SUM(E$9:$E42)-SUM(F$9:$F42) -> 3660000
E43: =+$I$2+(NETCOM[[#This Row],[QUANTITE]]*NETCOM[[#This Row],[PRIX UNITAIRE]]) -> 0 | G43: =SUM(E$9:$E43)-SUM(F$9:$F43) -> 3660000
E44: =+$I$2+(NETCOM[[#This Row],[QUANTITE]]*NETCOM[[#This Row],[PRIX UNITAIRE]]) -> 0 | G44: =SUM(E$9:$E44)-SUM(F$9:$F44) -> 3660000
... E109: =+$I$2+(NETCOM[[#This Row],[QUANTITE]]*NETCOM[[#This Row],[PRIX UNITAIRE]]) -> 0 | G109: =SUM(E$9:$E109)-SUM(F$9:$F109) -> 3660000

Sheet FIDAA
I2: 0
D3: ANNEE | E3: CHIFFRE AFFAIRE | F3: TOTAL VERSEMENT | G3: SOLDE
D4: BILAN | E4: =+SUM(FIDAA[TOTAL MONTANT]) -> 55549350 | F4: =+SUM(FIDAA[VERSEMENT]) -> 48815000 | G4: =+E4-F4 -> 6734350
B5: NOM CLIENT
B6: FIDAA | E6: TRUE
A8: DATE | B8: DESIGNATION | C8: QUANTITE | D8: PRIX UNITAIRE | E8: TOTAL MONTANT | F8: VERSEMENT | G8: SOLDE
A9: 45363 | B9: BATTERIE 200AH OURSUN | C9: 2 | D9: 90000 | E9: =+$I$2+(FIDAA[[#This Row],[QUANTITE]]*FIDAA[[#This Row],[PRIX UNITAIRE]]) -> 180000 | G9: =SUM(E$9:$E9)-SUM(F$9:$F9) -> 180000
B10: BATTERIE 150AH OURSUN | C10: 4 | D10: 70000 | E10: =+$I$2+(FIDAA[[#This Row],[QUANTITE]]*FIDAA[[#This Row],[PRIX UNITAIRE]]) -> 280000 | G10: =SUM(E$9:$E10)-SUM(F$9:$F10) -> 460000
B11: BATTERIE 120AH BEYONIX | C11: 4 | D11: 55000 | E11: =+$I$2+(FIDAA[[#This Row],[QUANTITE]]*FIDAA[[#This Row],[PRIX UNITAIRE]]) -> 220000 | G11: =SUM(E$9:$E11)-SUM(F$9:$F11) -> 680000
B12: BATTERIE 100AH OURSUN | C12: 4 | D12: 48000 | E12: =+$I$2+(FIDAA[[#This Row],[QUANTITE]]*FIDAA[[#This Row],[PRIX UNITAIRE]]) -> 192000 | G12: =SUM(E$9:$E12)-SUM(F$9:$F12) -> 872000
B13: BATTERIE 75AH BEYONIX | C13: 10 | D13: 27500 | E13: =+$I$2+(FIDAA[[#This Row],[QUANTITE]]*FIDAA[[#This Row],[PRIX UNITAIRE]]) -> 275000 | G13: =SUM(E$9:$E13)-SUM(F$9:$F13) -> 1147000
B14: BETTERIE 55AH OURSUN | C14: 4 | D14: 27000 | E14: =+$I$2+(FIDAA[[#This Row],[QUANTITE]]*FIDAA[[#This Row],[PRIX UNITAIRE]]) -> 108000 | G14: =SUM(E$9:$E14)-SUM(F$9:$F14) -> 1255000
B15: BATTERIE 45AH VEGA TH | C15: 2 | D15: 25000 | E15: =+$I$2+(FIDAA[[#This Row],[QUANTITE]]*FIDAA[[#This Row],[PRIX UNITAIRE]]) -> 50000 | G15: =SUM(E$9:$E15)-SUM(F$9:$F15) -> 1305000
B16: BATTERIE 45AH TEKOMA TB | C16: 2 | D16: 25000 | E16: =+$I$2+(FIDAA[[#This Row],[QUANTITE]]*FIDAA[[#This Row],[PRIX UNITAIRE]]) -> 50000 | G16: =SUM(E$9:$E16)-SUM(F$9:$F16) -> 1355000
B17: BATTERIE 90AH VISCA | C17: 2 | D17: 45000 | E17: =+$I$2+(FIDAA[[#This Row],[QUANTITE]]*FIDAA[[#This Row],[PRIX UNITAIRE]]) -> 90000 | G17: =SUM(E$9:$E17)-SUM(F$9:$F17) -> 1445000
B18: PNEU 195R15C HABLEAD | C18: 4 | D18: 32000 | E18: =+$I$2+(FIDAA[[#This Row],[QUANTITE]]*FIDAA[[#This Row],[PRIX UNITAIRE]]) -> 128000 | G18: =SUM(E$9:$E18)-SUM(F$9:$F18) -> 1573000
B19: PNEU 195/65R15 ZEXTOUR | C19: 4 | D19: 20000 | E19: =+$I$2+(FIDAA[[#This Row],[QUANTITE]]*FIDAA[[#This Row],[PRIX UNITAIRE]]) -> 80000 | G19: =SUM(E$9:$E19)-SUM(F$9:$F19) -> 1653000
B20: PNEU 265/70R16 APLUS | C20: 4 | D20: 45000 | E20: =+$I$2+(FIDAA[[#This Row],[QUANTITE]]*FIDAA[[#This Row],[PRIX UNITAIRE]]) -> 180000 | G20: =SUM(E$9:$E20)-SUM(F$9:$F20) -> 1833000
B21: PNEU 205/55R16 Z3EXTOUR | C21: 4 | D21: 27500 | E21: =+$I$2+(FIDAA[[#This Row],[QUANTITE]]*FIDAA[[#This Row],[PRIX UNITAIRE]]) -> 110000 | G21: =SUM(E$9:$E21)-SUM(F$9:$F21) -> 1943000
... B27: PNEU 255/70R16 KAPSEN | C27: 4 | D27: 47500 | E27: =+$I$2+(FIDAA[[#This Row],[QUANTITE]]*FIDAA[[#This Row],[PRIX UNITAIRE]]) -> 190000 | G27: =SUM(E$9:$E27)-SUM(F$9:$F27) -> 2611000
A28: 45365 | B28: PNEU TRANSMATE 235/65R16C | C28: 4 | D28: 40000 | E28: =+$I$2+(FIDAA[[#This Row],[QUANTITE]]*FIDAA[[#This Row],[PRIX UNITAIRE]]) -> 160000 | G28: =SUM(E$9:$E28)-SUM(F$9:$F28) -> 2771000
B29: PNEU TRANSMATE 175/70R14 | C29: 10 | D29: 16000 | E29: =+$I$2+(FIDAA[[#This Row],[QUANTITE]]*FIDAA[[#This Row],[PRIX UNITAIRE]]) -> 160000 | G29: =SUM(E$9:$E29)-SUM(F$9:$F29) -> 2931000
B30: PNEU TRANSMATE 185/60R15 | C30: 4 | D30: 22500 | E30: =+$I$2+(FIDAA[[#This Row],[QUANTITE]]*FIDAA[[#This Row],[PRIX UNITAIRE]]) -> 90000 | G30: =SUM(E$9:$E30)-SUM(F$9:$F30) -> 3021000
B31: PNEU TRANSMATE 185/65R15 | C31: 4 | D31: 22500 | E31: =+$I$2+(FIDAA[[#This Row],[QUANTITE]]*FIDAA[[#This Row],[PRIX UNITAIRE]]) -> 90000 | G31: =SUM(E$9:$E31)-SUM(F$9:$F31) -> 3111000
B32: PNEU TRANSMATE 225/70R15C | C32: 10 | D32: 33000 | E32: =+$I$2+(FIDAA[[#This Row],[QUANTITE]]*FIDAA[[#This Row],[PRIX UNITAIRE]]) -> 330000 | G32: =SUM(E$9:$E32)-SUM(F$9:$F32) -> 3441000
B33: PNEU TRANSMATE 215/65R16 | C33: 10 | D33: 32000 | E33: =+$I$2+(FIDAA[[#This Row],[QUANTITE]]*FIDAA[[#This Row],[PRIX UNITAIRE]]) -> 320000 | G33: =SUM(E$9:$E33)-SUM(F$9:$F33) -> 3761000
B34: PNEU TRANSMATE 235/70R16 | C34: 4 | D34: 35000 | E34: =+$I$2+(FIDAA[[#This Row],[QUANTITE]]*FIDAA[[#This Row],[PRIX UNITAIRE]]) -> 140000 | G34: =SUM(E$9:$E34)-SUM(F$9:$F34) -> 3901000
B35: PNEU TRANSMATE 225/65R17 | C35: 4 | D35: 33000 | E35: =+$I$2+(FIDAA[[#This Row],[QUANTITE]]*FIDAA[[#This Row],[PRIX UNITAIRE]]) -> 132000 | G35: =SUM(E$9:$E35)-SUM(F$9:$F35) -> 4033000
B36: PNEU TRANSMATE 235/65R17 | C36: 4 | D36: 35000 | E36: =+$I$2+(FIDAA[[#This Row],[QUANTITE]]*FIDAA[[#This Row],[PRIX UNITAIRE]]) -> 140000 | G36: =SUM(E$9:$E36)-SUM(F$9:$F36) -> 4173000
B37: PNEU TRANSMATE 285/65R17 | C37: 4 | D37: 65000 | E37: =+$I$2+(FIDAA[[#This Row],[QUANTITE]]*FIDAA[[#This Row],[PRIX UNITAIRE]]) -> 260000 | G37: =SUM(E$9:$E37)-SUM(F$9:$F37) -> 4433000
B38: PNEU TRANSMATE 235/60R18 | C38: 4 | D38: 40000 | E38: =+$I$2+(FIDAA[[#This Row],[QUANTITE]]*FIDAA[[#This Row],[PRIX UNITAIRE]]) -> 160000 | G38: =SUM(E$9:$E38)-SUM(F$9:$F38) -> 4593000
B39: PNEU TRANSMATE 265/60R18 | C39: 4 | D39: 55000 | E39: =+$I$2+(FIDAA[[#This Row],[QUANTITE]]*FIDAA[[#This Row],[PRIX UNITAIRE]]) -> 220000 | G39: =SUM(E$9:$E39)-SUM(F$9:$F39) -> 4813000
B40: PNEU BLACK RIDER 315/80R22,5 | C40: 4 | D40: 102500 | E40: =+$I$2+(FIDAA[[#This Row],[QUANTITE]]*FIDAA[[#This Row],[PRIX UNITAIRE]]) -> 410000 | G40: =SUM(E$9:$E40)-SUM(F$9:$F40) -> 5223000
... B67: BALAIE ESSUI GLACE VALEO 22 | C67: 2 | D67: 7500 | E67: =+$I$2+(FIDAA[[#This Row],[QUANTITE]]*FIDAA[[#This Row],[PRIX UNITAIRE]]) -> 15000 | G67: =SUM(E$9:$E67)-SUM(F$9:$F67) -> 6694350
A68: 45353 | B68: REGLEMENT ESPECES | C68: 1 | D68: 0 | E68: =+$I$2+(FIDAA[[#This Row],[QUANTITE]]*FIDAA[[#This Row],[PRIX UNITAIRE]]) -> 0 | F68: 1000000 | G68: =SUM(E$9:$E68)-SUM(F$9:$F68) -> 5694350
A69: 45376 | B69: CRIC 35T | C69: 1 | D69: 28000 | E69: =+$I$2+(FIDAA[[#This Row],[QUANTITE]]*FIDAA[[#This Row],[PRIX UNITAIRE]]) -> 28000 | G69: =SUM(E$9:$E69)-SUM(F$9:$F69) -> 5722350
B70: CRIC 20T | C70: 1 | D70: 23000 | E70: =+$I$2+(FIDAA[[#This Row],[QUANTITE]]*FIDAA[[#This Row],[PRIX UNITAIRE]]) -> 23000 | G70: =SUM(E$9:$E70)-SUM(F$9:$F70) -> 5745350
B71: HUILE MOTEUR 5W30 | C71: 4 | D71: 12000 | E71: =+$I$2+(FIDAA[[#This Row],[QUANTITE]]*FIDAA[[#This Row],[PRIX UNITAIRE]]) -> 48000 | G71: =SUM(E$9:$E71)-SUM(F$9:$F71) -> 5793350
B72: HUILE MOTEUR 5W40 | C72: 4 | D72: 12000 | E72: =+$I$2+(FIDAA[[#This Row],[QUANTITE]]*FIDAA[[#This Row],[PRIX UNITAIRE]]) -> 48000 | G72: =SUM(E$9:$E72)-SUM(F$9:$F72) -> 5841350
B73: HUILE MOITEUR 10W40 | C73: 4 | D73: 12000 | E73: =+$I$2+(FIDAA[[#This Row],[QUANTITE]]*FIDAA[[#This Row],[PRIX UNITAIRE]]) -> 48000 | G73: =SUM(E$9:$E73)-SUM(F$9:$F73) -> 5889350
B74: PNEU 13R22,5 | C74: 10 | D74: 123000 | E74: =+$I$2+(FIDAA[[#This Row],[QUANTITE]]*FIDAA[[#This Row],[PRIX UNITAIRE]]) -> 1230000 | G74: =SUM(E$9:$E74)-SUM(F$9:$F74) -> 7119350
B75: LIQUIDE DE REFROIDISSEMENT 2L | C75: 2 | D75: 7500 | E75: =+$I$2+(FIDAA[[#This Row],[QUANTITE]]*FIDAA[[#This Row],[PRIX UNITAIRE]]) -> 15000 | G75: =SUM(E$9:$E75)-SUM(F$9:$F75) -> 7134350
B76: BATTERIE 75AH ENERGY | C76: 2 | D76: 22000 | E76: =+$I$2+(FIDAA[[#This Row],[QUANTITE]]*FIDAA[[#This Row],[PRIX UNITAIRE]]) -> 44000 | G76: =SUM(E$9:$E76)-SUM(F$9:$F76) -> 7178350
B77: CRIC 50TON | C77: 1 | D77: 42000 | E77: =+$I$2+(FIDAA[[#This Row],[QUANTITE]]*FIDAA[[#This Row],[PRIX UNITAIRE]]) -> 42000 | G77: =SUM(E$9:$E77)-SUM(F$9:$F77) -> 7220350
A78: 45381 | B78: PNEU 315/80R22,5 MIXTE | C78: 4 | D78: 102500 | E78: =+$I$2+(FIDAA[[#This Row],[QUANTITE]]*FIDAA[[#This Row],[PRIX UNITAIRE]]) -> 410000 | G78: =SUM(E$9:$E78)-SUM(F$9:$F78) -> 7630350
B79: PNEU 175/70R14 | C79: 4 | D79: 16000 | E79: =+$I$2+(FIDAA[[#This Row],[QUANTITE]]*FIDAA[[#This Row],[PRIX UNITAIRE]]) -> 64000 | G79: =SUM(E$9:$E79)-SUM(F$9:$F79) -> 7694350
B80: PNEU 205R16C APLUS | C80: 4 | D80: 35000 | E80: =+$I$2+(FIDAA[[#This Row],[QUANTITE]]*FIDAA[[#This Row],[PRIX UNITAIRE]]) -> 140000 | G80: =SUM(E$9:$E80)-SUM(F$9:$F80) -> 7834350
B81: PNEU 235/65R16C TRANSMETE | C81: 4 | D81: 37500 | E81: =+$I$2+(FIDAA[[#This Row],[QUANTITE]]*FIDAA[[#This Row],[PRIX UNITAIRE]]) -> 150000 | G81: =SUM(E$9:$E81)-SUM(F$9:$F81) -> 7984350
B82: BATTERIE 90AH VISCA | C82: 4 | D82: 45000 | E82: =+$I$2+(FIDAA[[#This Row],[QUANTITE]]*FIDAA[[#This Row],[PRIX UNITAIRE]]) -> 180000 | G82: =SUM(E$9:$E82)-SUM(F$9:$F82) -> 8164350
B83: BATTERIE 45AH VEGA TH | C83: 4 | D83: 25000 | E83: =+$I$2+(FIDAA[[#This Row],[QUANTITE]]*FIDAA[[#This Row],[PRIX UNITAIRE]]) -> 100000 | G83: =SUM(E$9:$E83)-SUM(F$9:$F83) -> 8264350
B84: BATTERIE 45AH VISCA PETIT TAILLE | C84: 2 | D84: 25000 | E84: =+$I$2+(FIDAA[[#This Row],[QUANTITE]]*FIDAA[[#This Row],[PRIX UNITAIRE]]) -> 50000 | G84: =SUM(E$9:$E84)-SUM(F$9:$F84) -> 8314350
B85: AD BLUE 10L | C85: 2 | D85: 12000 | E85: =+$I$2+(FIDAA[[#This Row],[QUANTITE]]*FIDAA[[#This Row],[PRIX UNITAIRE]]) -> 24000 | G85: =SUM(E$9:$E85)-SUM(F$9:$F85) -> 8338350
B86: NETTOYAGE TABLEAU DE BORD | C86: 4 | D86: 3500 | E86: =+$I$2+(FIDAA[[#This Row],[QUANTITE]]*FIDAA[[#This Row],[PRIX UNITAIRE]]) -> 14000 | G86: =SUM(E$9:$E86)-SUM(F$9:$F86) -> 8352350
B87: EXTINCTEUR 1KG | C87: 6 | D87: 3500 | E87: =+$I$2+(FIDAA[[#This Row],[QUANTITE]]*FIDAA[[#This Row],[PRIX UNITAIRE]]) -> 21000 | G87: =SUM(E$9:$E87)-SUM(F$9:$F87) -> 8373350
B88: TAPIS N1 | C88: 3 | D88: 8500 | E88: =+$I$2+(FIDAA[[#This Row],[QUANTITE]]*FIDAA[[#This Row],[PRIX UNITAIRE]]) -> 25500 | G88: =SUM(E$9:$E88)-SUM(F$9:$F88) -> 8398850
B89: TAPIS ORIGINAL MARQUE VOITEUR | C89: 3 | D89: 12500 | E89: =+$I$2+(FIDAA[[#This Row],[QUANTITE]]*FIDAA[[#This Row],[PRIX UNITAIRE]]) -> 37500 | G89: =SUM(E$9:$E89)-SUM(F$9:$F89) -> 8436350
B90: TAPIS COFFRE AR | C90: 2 | D90: 12500 | E90: =+$I$2+(FIDAA[[#This Row],[QUANTITE]]*FIDAA[[#This Row],[PRIX UNITAIRE]]) -> 25000 | G90: =SUM(E$9:$E90)-SUM(F$9:$F90) -> 8461350
... B95: NETTOYAGE DISQUE FREINAGE | C95: 2 | D95: 3500 | E95: =+$I$2+(FIDAA[[#This Row],[QUANTITE]]*FIDAA[[#This Row],[PRIX UNITAIRE]]) -> 7000 | G95: =SUM(E$9:$E95)-SUM(F$9:$F95) -> 8648350
A96: 45381 | B96: REGLEMENT ESPECES | C96: 1 | D96: 0 | E96: =+$I$2+(FIDAA[[#This Row],[QUANTITE]]*FIDAA[[#This Row],[PRIX UNITAIRE]]) -> 0 | F96: 1000000 | G96: =SUM(E$9:$E96)-SUM(F$9:$F96) -> 7648350
A97: 45383 | B97: TRIANGLE PM | C97: 4 | D97: 3000 | E97: =+$I$2+(FIDAA[[#This Row],[QUANTITE]]*FIDAA[[#This Row],[PRIX UNITAIRE]]) -> 12000 | G97: =SUM(E$9:$E97)-SUM(F$9:$F97) -> 7660350
B98: TRIANGLE GM | C98: 4 | D98: 3500 | E98: =+$I$2+(FIDAA[[#This Row],[QUANTITE]]*FIDAA[[#This Row],[PRIX UNITAIRE]]) -> 14000 | G98: =SUM(E$9:$E98)-SUM(F$9:$F98) -> 7674350
B99: HUILE MOTEUR SAIBOT SAE 50 20L | C99: 1 | D99: 35000 | E99: =+$I$2+(FIDAA[[#This Row],[QUANTITE]]*FIDAA[[#This Row],[PRIX UNITAIRE]]) -> 35000 | G99: =SUM(E$9:$E99)-SUM(F$9:$F99) -> 7709350
B100: HUILE MOTEUR SAIBOT 15W40 20L | C100: 1 | D100: 35000 | E100: =+$I$2+(FIDAA[[#This Row],[QUANTITE]]*FIDAA[[#This Row],[PRIX UNITAIRE]]) -> 35000 | G100: =SUM(E$9:$E100)-SUM(F$9:$F100) -> 7744350
B101: HUILE HYDROLIQUE SAIBOT 68 20L | C101: 1 | D101: 35000 | E101: =+$I$2+(FIDAA[[#This Row],[QUANTITE]]*FIDAA[[#This Row],[PRIX UNITAIRE]]) -> 35000 | G101: =SUM(E$9:$E101)-SUM(F$9:$F101) -> 7779350
A102: 45388 | B102: PNEU 315/80R22,5 MIXTE | C102: 4 | D102: 102500 | E102: =+$I$2+(FIDAA[[#This Row],[QUANTITE]]*FIDAA[[#This Row],[PRIX UNITAIRE]]) -> 410000 | G102: =SUM(E$9:$E102)-SUM(F$9:$F102) -> 8189350
B103: PNEU 750R16 DOUPRO MIXTE | C103: 4 | D103: 65000 | E103: =+$I$2+(FIDAA[[#This Row],[QUANTITE]]*FIDAA[[#This Row],[PRIX UNITAIRE]]) -> 260000 | G103: =SUM(E$9:$E103)-SUM(F$9:$F103) -> 8449350
B104: PNEU 750R16 GD | C104: 4 | D104: 67500 | E104: =+$I$2+(FIDAA[[#This Row],[QUANTITE]]*FIDAA[[#This Row],[PRIX UNITAIRE]]) -> 270000 | G104: =SUM(E$9:$E104)-SUM(F$9:$F104) -> 8719350
B105: PNEU 825R16 MIXTE | C105: 4 | D105: 70000 | E105: =+$I$2+(FIDAA[[#This Row],[QUANTITE]]*FIDAA[[#This Row],[PRIX UNITAIRE]]) -> 280000 | G105: =SUM(E$9:$E105)-SUM(F$9:$F105) -> 8999350
B106: PNEU 245/60R18 | C106: 4 | D106: 42500 | E106: =+$I$2+(FIDAA[[#This Row],[QUANTITE]]*FIDAA[[#This Row],[PRIX UNITAIRE]]) -> 170000 | G106: =SUM(E$9:$E106)-SUM(F$9:$F106) -> 9169350
B107: PNEU 235/60R18 | C107: 4 | D107: 40000 | E107: =+$I$2+(FIDAA[[#This Row],[QUANTITE]]*FIDAA[[#This Row],[PRIX UNITAIRE]]) -> 160000 | G107: =SUM(E$9:$E107)-SUM(F$9:$F107) -> 9329350
B108: BALAIS ESSUI GLACE BOSCH 22 | C108: 1 | D108: 5000 | E108: =+$I$2+(FIDAA[[#This Row],[QUANTITE]]*FIDAA[[#This Row],[PRIX UNITAIRE]]) -> 5000 | G108: =SUM(E$9:$E108)-SUM(F$9:$F108) -> 9334350
B109: BALAIS ESSUI GLACE BOSCH 21 | C109: 1 | D109: 5000 | E109: =+$I$2+(FIDAA[[#This Row],[QUANTITE]]*FIDAA[[#This Row],[PRIX UNITAIRE]]) -> 5000 | G109: =SUM(E$9:$E109)-SUM(F$9:$F109) -> 9339350
B110: BALAIS ESSUI GLACE BOSCH 20 | C110: 1 | D110: 5000 | E110: =+$I$2+(FIDAA[[#This Row],[QUANTITE]]*FIDAA[[#This Row],[PRIX UNITAIRE]]) -> 5000 | G110: =SUM(E$9:$E110)-SUM(F$9:$F110) -> 9344350
B111: BATTERIE 120AH GT POWER | C111: 4 | D111: 46000 | E111: =+$I$2+(FIDAA[[#This Row],[QUANTITE]]*FIDAA[[#This Row],[PRIX UNITAIRE]]) -> 184000 | G111: =SUM(E$9:$E111)-SUM(F$9:$F111) -> 9528350
B112: AD BLUE 10L | C112: 2 | D112: 12000 | E112: =+$I$2+(FIDAA[[#This Row],[QUANTITE]]*FIDAA[[#This Row],[PRIX UNITAIRE]]) -> 24000 | G112: =SUM(E$9:$E112)-SUM(F$9:$F112) -> 9552350
A113: 45388 | B113: REGLEMENT ESPECES | C113: 1 | D113: 0 | E113: =+$I$2+(FIDAA[[#This Row],[QUANTITE]]*FIDAA[[#This Row],[PRIX UNITAIRE]]) -> 0 | F113: 1000000 | G113: =SUM(E$9:$E113)-SUM(F$9:$F113) -> 8552350
A114: 45399 | B114: COURROIE BOSCH 3PK913 | C114: 1 | D114: 6000 | E114: =+$I$2+(FIDAA[[#This Row],[QUANTITE]]*FIDAA[[#This Row],[PRIX UNITAIRE]]) -> 6000 | G114: =SUM(E$9:$E114)-SUM(F$9:$F114) -> 8558350
A115: 45399 | B115: COURROIE BOSCH3PK815 | C115: 1 | D115: 5000 | E115: =+$I$2+(FIDAA[[#This Row],[QUANTITE]]*FIDAA[[#This Row],[PRIX UNITAIRE]]) -> 5000 | G115: =SUM(E$9:$E115)-SUM(F$9:$F115) -> 8563350
A116: 45399 | B116: COURROIE BOSCH 3PK805 | C116: 1 | D116: 3000 | E116: =+$I$2+(FIDAA[[#This Row],[QUANTITE]]*FIDAA[[#This Row],[PRIX UNITAIRE]]) -> 3000 | G116: =SUM(E$9:$E116)-SUM(F$9:$F116) -> 8566350
A117: 45399 | B117: COURROIE BOSCH 3PK960 | C117: 1 | D117: 5000 | E117: =+$I$2+(FIDAA[[#This Row],[QUANTITE]]*FIDAA[[#This Row],[PRIX UNITAIRE]]) -> 5000 | G117: =SUM(E$9:$E117)-SUM(F$9:$F117) -> 8571350
A118: 45399 | B118: COURROIE BOSCH 3PK1025 | C118: 1 | D118: 5000 | E118: =+$I$2+(FIDAA[[#This Row],[QUANTITE]]*FIDAA[[#This Row],[PRIX UNITAIRE]]) -> 5000 | G118: =SUM(E$9:$E118)-SUM(F$9:$F118) -> 8576350
A119: 45399 | B119: COURROIE BOSCH 3PK675 | C119: 1 | D119: 3000 | E119: =+$I$2+(FIDAA[[#This Row],[QUANTITE]]*FIDAA[[#This Row],[PRIX UNITAIRE]]) -> 3000 | G119: =SUM(E$9:$E119)-SUM(F$9:$F119) -> 8579350
A120: 45399 | B120: COURROIE BOSCH 4PK1125 | C120: 1 | D120: 6000 | E120: =+$I$2+(FIDAA[[#This Row],[QUANTITE]]*FIDAA[[#This Row],[PRIX UNITAIRE]]) -> 6000 | G120: =SUM(E$9:$E120)-SUM(F$9:$F120) -> 8585350
A121: 45399 | B121: COURROIE BOSCH 4PK775 | C121: 1 | D121: 6000 | E121: =+$I$2+(FIDAA[[#This Row],[QUANTITE]]*FIDAA[[#This Row],[PRIX UNITAIRE]]) -> 6000 | G121: =SUM(E$9:$E121)-SUM(F$9:$F121) -> 8591350
A122: 45399 | B122: COURROIE BOSCH 4PK925 | C122: 1 | D122: 6000 | E122: =+$I$2+(FIDAA[[#This Row],[QUANTITE]]*FIDAA[[#This Row],[PRIX UNITAIRE]]) -> 6000 | G122: =SUM(E$9:$E122)-SUM(F$9:$F122) -> 8597350
A123: 45399 | B123: COURROIE BOSCH 4PK10572 | C123: 1 | D123: 6000 | E123: =+$I$2+(FIDAA[[#This Row],[QUANTITE]]*FIDAA[[#This Row],[PRIX UNITAIRE]]) -> 6000 | G123: =SUM(E$9:$E123)-SUM(F$9:$F123) -> 8603350
A124: 45399 | B124: COURROIE BOSCH 4PK698 | C124: 1 | D124: 3000 | E124: =+$I$2+(FIDAA[[#This Row],[QUANTITE]]*FIDAA[[#This Row],[PRIX UNITAIRE]]) -> 3000 | G124: =SUM(E$9:$E124)-SUM(F$9:$F124) -> 8606350
A125: 45399 | B125: COURROIE BOSCH 4PK815 | C125: 1 | D125: 4000 | E125: =+$I$2+(FIDAA[[#This Row],[QUANTITE]]*FIDAA[[#This Row],[PRIX UNITAIRE]]) -> 4000 | G125: =SUM(E$9:$E125)-SUM(F$9:$F125) -> 8610350
... A127: 45400 | B127: COURROIE BOSCH 4PK884 | C127: 1 | D127: 6000 | E127: =+$I$2+(FIDAA[[#This Row],[QUANTITE]]*FIDAA[[#This Row],[PRIX UNITAIRE]]) -> 6000 | G127: =SUM(E$9:$E127)-SUM(F$9:$F127) -> 8620350
A128: 18/04//2024 | B128: FILTRE A GAZOIL N0508 | C128: 1 | D128: 8000 | E128: =+$I$2+(FIDAA[[#This Row],[QUANTITE]]*FIDAA[[#This Row],[PRIX UNITAIRE]]) -> 8000 | G128: =SUM(E$9:$E128)-SUM(F$9:$F128) -> 8628350
A129: 45400 | B129: FILTRE A GAZOIL N4511 | C129: 1 | D129: 15000 | E129: =+$I$2+(FIDAA[[#This Row],[QUANTITE]]*FIDAA[[#This Row],[PRIX UNITAIRE]]) -> 15000 | G129: =SUM(E$9:$E129)-SUM(F$9:$F129) -> 8643350
A130: 45400 | B130: FILTRE A HUILE P2028 | C130: 1 | D130: 3000 | E130: =+$I$2+(FIDAA[[#This Row],[QUANTITE]]*FIDAA[[#This Row],[PRIX UNITAIRE]]) -> 3000 | G130: =SUM(E$9:$E130)-SUM(F$9:$F130) -> 8646350
A131: 45400 | B131: FILTRE A HUILE P2016 | C131: 1 | D131: 5000 | E131: =+$I$2+(FIDAA[[#This Row],[QUANTITE]]*FIDAA[[#This Row],[PRIX UNITAIRE]]) -> 5000 | G131: =SUM(E$9:$E131)-SUM(F$9:$F131) -> 8651350
A132: 45400 | B132: FILTRE A HUILE P3316 | C132: 1 | D132: 3000 | E132: =+$I$2+(FIDAA[[#This Row],[QUANTITE]]*FIDAA[[#This Row],[PRIX UNITAIRE]]) -> 3000 | G132: =SUM(E$9:$E132)-SUM(F$9:$F132) -> 8654350
A133: 45400 | B133: FILTRE A HUILE P2062 | C133: 1 | D133: 9000 | E133: =+$I$2+(FIDAA[[#This Row],[QUANTITE]]*FIDAA[[#This Row],[PRIX UNITAIRE]]) -> 9000 | G133: =SUM(E$9:$E133)-SUM(F$9:$F133) -> 8663350
A134: 45400 | B134: FILTRE A HUILE P3336 | C134: 1 | D134: 3000 | E134: =+$I$2+(FIDAA[[#This Row],[QUANTITE]]*FIDAA[[#This Row],[PRIX UNITAIRE]]) -> 3000 | G134: =SUM(E$9:$E134)-SUM(F$9:$F134) -> 8666350
A135: 45399 | B135: FILTRE A HUILE P3271 | C135: 1 | D135: 5000 | E135: =+$I$2+(FIDAA[[#This Row],[QUANTITE]]*FIDAA[[#This Row],[PRIX UNITAIRE]]) -> 5000 | G135: =SUM(E$9:$E135)-SUM(F$9:$F135) -> 8671350
A136: 45399 | B136: FILTRE A GASOIL N4438 | C136: 1 | D136: 6000 | E136: =+$I$2+(FIDAA[[#This Row],[QUANTITE]]*FIDAA[[#This Row],[PRIX UNITAIRE]]) -> 6000 | G136: =SUM(E$9:$E136)-SUM(F$9:$F136) -> 8677350
A137: 45399 | B137: COURROIE BOSCH 5PK1750 | C137: 1 | D137: 8000 | E137: =+$I$2+(FIDAA[[#This Row],[QUANTITE]]*FIDAA[[#This Row],[PRIX UNITAIRE]]) -> 8000 | G137: =SUM(E$9:$E137)-SUM(F$9:$F137) -> 8685350
A138: 45399 | B138: COURROIE BOSCH 5PK1090 | C138: 1 | D138: 9000 | E138: =+$I$2+(FIDAA[[#This Row],[QUANTITE]]*FIDAA[[#This Row],[PRIX UNITAIRE]]) -> 9000 | G138: =SUM(E$9:$E138)-SUM(F$9:$F138) -> 8694350
...

Sheet SOLO
I2: 0
D3: ANNEE | E3: CHIFFRE AFFAIRE | F3: TOTAL VERSEMENT | G3: SOLDE
D4: BILAN | E4: =+SUM(SOLO[TOTAL MONTANT]) -> 7209500 | F4: =+SUM(SOLO[VERSEMENT]) -> 4010000 | G4: =+E4-F4 -> 3199500
B5: NOM CLIENT
B6: SOLO
A8: DATE | B8: DESIGNATION | C8: QUANTITE | D8: PRIX UNITAIRE | E8: TOTAL MONTANT | F8: VERSEMENT | G8: SOLDE
A9: 46072 | B9: SOLDE DEPART | C9: 1 | D9: 7209500 | E9: 7209500 | G9: =SUM(E$9:$E9)-SUM(F$9:$F9) -> 7209500
A10: 46072 | C10: 1 | F10: 3010000 | G10: =SUM(E$9:$E10)-SUM(F$9:$F10) -> 4199500
A11: 46074 | C11: 1 | F11: 1000000 | G11: =SUM(E$9:$E11)-SUM(F$9:$F11) -> 3199500
A12: 46081 | B12: 195/65R15 GLEDE | C12: 4 | E12: =+$I$2+(SOLO[[#This Row],[QUANTITE]]*SOLO[[#This Row],[PRIX UNITAIRE]]) -> 0 | G12: =SUM(E$9:$E12)-SUM(F$9:$F12) -> 3199500
A13: 46083 | B13: 265/65R17 GLEDE | C13: 4 | G13: =SUM(E$9:$E13)-SUM(F$9:$F13) -> 3199500
A14: 46083 | B14: 175/70R14 GLEDE | C14: 10 | G14: =SUM(E$9:$E14)-SUM(F$9:$F14) -> 3199500
A15: 46087 | B15: PNEU 245/55R19 GLEDE | C15: 1 | G15: =SUM(E$9:$E15)-SUM(F$9:$F15) -> 3199500
A16: 46091 | B16: 245/55R19 GLEDE | C16: 2 | G16: =SUM(E$9:$E16)-SUM(F$9:$F16) -> 3199500
A17: 46095 | B17: 165/70R14 GLEDE | C17: 1 | G17: =SUM(E$9:$E17)-SUM(F$9:$F17) -> 3199500
G18: =SUM(E$9:$E18)-SUM(F$9:$F18) -> 3199500
G19: =SUM(E$9:$E19)-SUM(F$9:$F19) -> 3199500
G20: =SUM(E$9:$E20)-SUM(F$9:$F20) -> 3199500
G21: =SUM(E$9:$E21)-SUM(F$9:$F21) -> 3199500
G22: =SUM(E$9:$E22)-SUM(F$9:$F22) -> 3199500
G23: =SUM(E$9:$E23)-SUM(F$9:$F23) -> 3199500
G24: =SUM(E$9:$E24)-SUM(F$9:$F24) -> 3199500
G25: =SUM(E$9:$E25)-SUM(F$9:$F25) -> 3199500
G26: =SUM(E$9:$E26)-SUM(F$9:$F26) -> 3199500
G27: =SUM(E$9:$E27)-SUM(F$9:$F27) -> 3199500
G28: =SUM(E$9:$E28)-SUM(F$9:$F28) -> 3199500
G29: =SUM(E$9:$E29)-SUM(F$9:$F29) -> 3199500
... G40: =SUM(E$9:$E40)-SUM(F$9:$F40) -> 3199500
E41: =+$I$2+(SOLO[[#This Row],[QUANTITE]]*SOLO[[#This Row],[PRIX UNITAIRE]]) -> 0 | G41: =SUM(E$9:$E41)-SUM(F$9:$F41) -> 3199500
E42: =+$I$2+(SOLO[[#This Row],[QUANTITE]]*SOLO[[#This Row],[PRIX UNITAIRE]]) -> 0 | G42: =SUM(E$9:$E42)-SUM(F$9:$F42) -> 3199500
E43: =+$I$2+(SOLO[[#This Row],[QUANTITE]]*SOLO[[#This Row],[PRIX UNITAIRE]]) -> 0 | G43: =SUM(E$9:$E43)-SUM(F$9:$F43) -> 3199500
E44: =+$I$2+(SOLO[[#This Row],[QUANTITE]]*SOLO[[#This Row],[PRIX UNITAIRE]]) -> 0 | G44: =SUM(E$9:$E44)-SUM(F$9:$F44) -> 3199500
E45: =+$I$2+(SOLO[[#This Row],[QUANTITE]]*SOLO[[#This Row],[PRIX UNITAIRE]]) -> 0 | G45: =SUM(E$9:$E45)-SUM(F$9:$F45) -> 3199500

Sheet SENAT BL
I2: 0
D3: ANNEE | E3: CHIFFRE AFFAIRE | F3: TOTAL VERSEMENT | G3: SOLDE
D4: BILAN | E4: =+SUM(SENATBL[TOTAL MONTANT]) -> 193356500 | F4: =+SUM(SENATBL[VERSEMENT]) -> 0 | G4: =+E4-F4 -> 193356500
B5: NOM CLIENT
B6: SENAT
A8: DATE | B8: DESIGNATION | C8: QUANTITE | D8: PRIX UNITAIRE | E8: TOTAL MONTANT | F8: VERSEMENT | G8: SOLDE
A9: 46099 | B9: SOLDE DE DEPART | C9: 1 | D9: 190457500 | E9: =SENATBL[[#This Row],[PRIX UNITAIRE]]*SENATBL[[#This Row],[QUANTITE]] -> 190457500 | G9: =SUM(E$9:$E9)-SUM(F$9:$F9) -> 190457500
A10: 46099 | B10: PEINTURE NISSAN | C10: 1 | D10: 585000 | E10: =SENATBL[[#This Row],[PRIX UNITAIRE]]*SENATBL[[#This Row],[QUANTITE]] -> 585000 | G10: =SUM(E$9:$E10)-SUM(F$9:$F10) -> 191042500
A11: 46099 | B11: Vidange complet d115018 ford | C11: 1 | D11: 214500 | E11: =SENATBL[[#This Row],[PRIX UNITAIRE]]*SENATBL[[#This Row],[QUANTITE]] -> 214500 | G11: =SUM(E$9:$E11)-SUM(F$9:$F11) -> 191257000
A12: 46099 | B12: NETTOYAGE DE SYSTÈME CLIM | C12: 1 | D12: 50000 | E12: =SENATBL[[#This Row],[PRIX UNITAIRE]]*SENATBL[[#This Row],[QUANTITE]] -> 50000 | G12: =SUM(E$9:$E12)-SUM(F$9:$F12) -> 191307000
A13: 46099 | B13: MAIN DOEUVRE D115018 | C13: 1 | D13: 45000 | E13: =SENATBL[[#This Row],[PRIX UNITAIRE]]*SENATBL[[#This Row],[QUANTITE]] -> 45000 | G13: =SUM(E$9:$E13)-SUM(F$9:$F13) -> 191352000
A14: 46099 | B14: BATTERIE 75 AH ENERGY | C14: 1 | D14: 115000 | E14: =SENATBL[[#This Row],[PRIX UNITAIRE]]*SENATBL[[#This Row],[QUANTITE]] -> 115000 | G14: =SUM(E$9:$E14)-SUM(F$9:$F14) -> 191467000
A15: 46100 | B15: FIXATION PLAQUE DE PROTECTION | C15: 1 | D15: 55000 | E15: =SENATBL[[#This Row],[PRIX UNITAIRE]]*SENATBL[[#This Row],[QUANTITE]] -> 55000 | G15: =SUM(E$9:$E15)-SUM(F$9:$F15) -> 191522000
A16: 46100 | B16: POMPE A EAU ELECTRONIQUE 5024 | C16: 1 | D16: 320000 | E16: =SENATBL[[#This Row],[PRIX UNITAIRE]]*SENATBL[[#This Row],[QUANTITE]] -> 320000 | G16: =SUM(E$9:$E16)-SUM(F$9:$F16) -> 191842000
A17: 46100 | B17: COURROIE 5024 | C17: 1 | D17: 45000 | E17: =SENATBL[[#This Row],[PRIX UNITAIRE]]*SENATBL[[#This Row],[QUANTITE]] -> 45000 | G17: =SUM(E$9:$E17)-SUM(F$9:$F17) -> 191887000
A18: 46100 | B18: TENDEUR DE COURROIE 5024 | C18: 1 | D18: 175000 | E18: =SENATBL[[#This Row],[PRIX UNITAIRE]]*SENATBL[[#This Row],[QUANTITE]] -> 175000 | G18: =SUM(E$9:$E18)-SUM(F$9:$F18) -> 192062000
A19: 46100 | B19: LIQUIDE DE RADIA 5024 | C19: 1 | D19: 15000 | E19: =SENATBL[[#This Row],[PRIX UNITAIRE]]*SENATBL[[#This Row],[QUANTITE]] -> 15000 | G19: =SUM(E$9:$E19)-SUM(F$9:$F19) -> 192077000
A20: 46100 | B20: REPARATION TURBO 5024 | C20: 1 | D20: 500000 | E20: =SENATBL[[#This Row],[PRIX UNITAIRE]]*SENATBL[[#This Row],[QUANTITE]] -> 500000 | G20: =SUM(E$9:$E20)-SUM(F$9:$F20) -> 192577000
... A28: 46100 | B28: MAIN DOEUVRE | C28: 1 | D28: 100000 | E28: =SENATBL[[#This Row],[PRIX UNITAIRE]]*SENATBL[[#This Row],[QUANTITE]] -> 100000 | G28: =SUM(E$9:$E28)-SUM(F$9:$F28) -> 193356500
E29: =SENATBL[[#This Row],[PRIX UNITAIRE]]*SENATBL[[#This Row],[QUANTITE]] -> 0 | G29: =SUM(E$9:$E29)-SUM(F$9:$F29) -> 193356500
E30: =SENATBL[[#This Row],[PRIX UNITAIRE]]*SENATBL[[#This Row],[QUANTITE]] -> 0 | G30: =SUM(E$9:$E30)-SUM(F$9:$F30) -> 193356500
E31: =SENATBL[[#This Row],[PRIX UNITAIRE]]*SENATBL[[#This Row],[QUANTITE]] -> 0 | G31: =SUM(E$9:$E31)-SUM(F$9:$F31) -> 193356500
E32: =SENATBL[[#This Row],[PRIX UNITAIRE]]*SENATBL[[#This Row],[QUANTITE]] -> 0 | G32: =SUM(E$9:$E32)-SUM(F$9:$F32) -> 193356500
E33: =SENATBL[[#This Row],[PRIX UNITAIRE]]*SENATBL[[#This Row],[QUANTITE]] -> 0 | G33: =SUM(E$9:$E33)-SUM(F$9:$F33) -> 193356500
E34: =SENATBL[[#This Row],[PRIX UNITAIRE]]*SENATBL[[#This Row],[QUANTITE]] -> 0 | G34: =SUM(E$9:$E34)-SUM(F$9:$F34) -> 193356500
E35: =SENATBL[[#This Row],[PRIX UNITAIRE]]*SENATBL[[#This Row],[QUANTITE]] -> 0 | G35: =SUM(E$9:$E35)-SUM(F$9:$F35) -> 193356500
E36: =SENATBL[[#This Row],[PRIX UNITAIRE]]*SENATBL[[#This Row],[QUANTITE]] -> 0 | G36: =SUM(E$9:$E36)-SUM(F$9:$F36) -> 193356500
E37: =SENATBL[[#This Row],[PRIX UNITAIRE]]*SENATBL[[#This Row],[QUANTITE]] -> 0 | G37: =SUM(E$9:$E37)-SUM(F$9:$F37) -> 193356500
E38: =SENATBL[[#This Row],[PRIX UNITAIRE]]*SENATBL[[#This Row],[QUANTITE]] -> 0 | G38: =SUM(E$9:$E38)-SUM(F$9:$F38) -> 193356500
E39: =SENATBL[[#This Row],[PRIX UNITAIRE]]*SENATBL[[#This Row],[QUANTITE]] -> 0 | G39: =SUM(E$9:$E39)-SUM(F$9:$F39) -> 193356500
E40: =SENATBL[[#This Row],[PRIX UNITAIRE]]*SENATBL[[#This Row],[QUANTITE]] -> 0 | G40: =SUM(E$9:$E40)-SUM(F$9:$F40) -> 193356500
... E109: =SENATBL[[#This Row],[PRIX UNITAIRE]]*SENATBL[[#This Row],[QUANTITE]] -> 0 | G109: =SUM(E$9:$E109)-SUM(F$9:$F109) -> 193356500

Sheet PETIT SOLO
I2: 0
D3: ANNEE | E3: CHIFFRE AFFAIRE | F3: TOTAL VERSEMENT | G3: SOLDE
D4: BILAN | E4: =+SUM(PETITSOLO[TOTAL MONTANT]) -> 5517500 | F4: =+SUM(PETITSOLO[VERSEMENT]) -> 5347500 | G4: =+E4-F4 -> 170000
B5: NOM CLIENT
B6: PETIT SOLO
A8: DATE | B8: DESIGNATION | C8: QUANTITE | D8: PRIX UNITAIRE | E8: TOTAL MONTANT | F8: VERSEMENT | G8: SOLDE
A9: 45834 | B9: PNEU TRANSMATE 235/55R17 | C9: 4 | D9: 35000 | E9: =+$I$2+(PETITSOLO[[#This Row],[QUANTITE]]*PETITSOLO[[#This Row],[PRIX UNITAIRE]]) -> 140000 | G9: =SUM(E$9:$E9)-SUM(F$9:$F9) -> 140000
A10: 45839 | B10: PNEUTRANSMATE 225/45R17 | C10: 2 | D10: 35000 | E10: =+$I$2+(PETITSOLO[[#This Row],[QUANTITE]]*PETITSOLO[[#This Row],[PRIX UNITAIRE]]) -> 70000 | G10: =SUM(E$9:$E10)-SUM(F$9:$F10) -> 210000
A11: 45840 | B11: PNEU 235/60R18 TRANSMATE | C11: 4 | D11: 40000 | E11: =+$I$2+(PETITSOLO[[#This Row],[QUANTITE]]*PETITSOLO[[#This Row],[PRIX UNITAIRE]]) -> 160000 | G11: =SUM(E$9:$E11)-SUM(F$9:$F11) -> 370000
A12: 45846 | B12: PNEU 245/40R20 GLEDE | C12: 2 | D12: 50000 | E12: =+$I$2+(PETITSOLO[[#This Row],[QUANTITE]]*PETITSOLO[[#This Row],[PRIX UNITAIRE]]) -> 100000 | G12: =SUM(E$9:$E12)-SUM(F$9:$F12) -> 470000
A13: 45847 | B13: PNEU 235/65R17 GLEDE | C13: 4 | D13: 35000 | E13: =+$I$2+(PETITSOLO[[#This Row],[QUANTITE]]*PETITSOLO[[#This Row],[PRIX UNITAIRE]]) -> 140000 | G13: =SUM(E$9:$E13)-SUM(F$9:$F13) -> 610000
A14: 45848 | B14: PNEU 235/60R18 GLEDE | C14: 2 | D14: 40000 | E14: =+$I$2+(PETITSOLO[[#This Row],[QUANTITE]]*PETITSOLO[[#This Row],[PRIX UNITAIRE]]) -> 80000 | G14: =SUM(E$9:$E14)-SUM(F$9:$F14) -> 690000
A15: 45849 | B15: PNEU 225/50R17 GLEDDE | C15: 10 | D15: 35000 | E15: =+$I$2+(PETITSOLO[[#This Row],[QUANTITE]]*PETITSOLO[[#This Row],[PRIX UNITAIRE]]) -> 350000 | G15: =SUM(E$9:$E15)-SUM(F$9:$F15) -> 1040000
A16: 45849 | B16: PNEU 235/60R18 GLEDE | C16: 4 | D16: 42500 | E16: =+$I$2+(PETITSOLO[[#This Row],[QUANTITE]]*PETITSOLO[[#This Row],[PRIX UNITAIRE]]) -> 170000 | G16: =SUM(E$9:$E16)-SUM(F$9:$F16) -> 1210000
A17: 45836 | B17: PNEU 235/55R19 GLEDE | C17: 4 | D17: 42500 | E17: =+$I$2+(PETITSOLO[[#This Row],[QUANTITE]]*PETITSOLO[[#This Row],[PRIX UNITAIRE]]) -> 170000 | G17: =SUM(E$9:$E17)-SUM(F$9:$F17) -> 1380000
A18: 45850 | B18: PAYE | E18: =+$I$2+(PETITSOLO[[#This Row],[QUANTITE]]*PETITSOLO[[#This Row],[PRIX UNITAIRE]]) -> 0 | F18: 1380000 | G18: =SUM(E$9:$E18)-SUM(F$9:$F18) -> 0
A19: 45852 | B19: PNEU 235/60R18 GLED | C19: 4 | D19: 40000 | E19: =+$I$2+(PETITSOLO[[#This Row],[QUANTITE]]*PETITSOLO[[#This Row],[PRIX UNITAIRE]]) -> 160000 | G19: =SUM(E$9:$E19)-SUM(F$9:$F19) -> 160000
A20: 45852 | B20: PNEU 255/55R20 GLEDE | C20: 4 | D20: 50000 | E20: =+$I$2+(PETITSOLO[[#This Row],[QUANTITE]]*PETITSOLO[[#This Row],[PRIX UNITAIRE]]) -> 200000 | G20: =SUM(E$9:$E20)-SUM(F$9:$F20) -> 360000
A21: 45856 | B21: PNEU 205/55R16 GLEDE | C21: 2 | D21: 25000 | E21: =+$I$2+(PETITSOLO[[#This Row],[QUANTITE]]*PETITSOLO[[#This Row],[PRIX UNITAIRE]]) -> 50000 | G21: =SUM(E$9:$E21)-SUM(F$9:$F21) -> 410000
A22: 45853 | B22: PNEU 225.65R17 GLEDE | C22: 0 | E22: =+$I$2+(PETITSOLO[[#This Row],[QUANTITE]]*PETITSOLO[[#This Row],[PRIX UNITAIRE]]) -> 0 | G22: =SUM(E$9:$E22)-SUM(F$9:$F22) -> 410000
A23: 45855 | B23: PNEU 255/50R20 GLEDE | C23: 4 | D23: 50000 | E23: =+$I$2+(PETITSOLO[[#This Row],[QUANTITE]]*PETITSOLO[[#This Row],[PRIX UNITAIRE]]) -> 200000 | G23: =SUM(E$9:$E23)-SUM(F$9:$F23) -> 610000
A24: 45856 | B24: PAYE | E24: =+$I$2+(PETITSOLO[[#This Row],[QUANTITE]]*PETITSOLO[[#This Row],[PRIX UNITAIRE]]) -> 0 | F24: 610000 | G24: =SUM(E$9:$E24)-SUM(F$9:$F24) -> 0
A25: 45860 | B25: PNEU 225/55R19 GLEDE | C25: 2 | D25: 42500 | E25: =+$I$2+(PETITSOLO[[#This Row],[QUANTITE]]*PETITSOLO[[#This Row],[PRIX UNITAIRE]]) -> 85000 | G25: =SUM(E$9:$E25)-SUM(F$9:$F25) -> 85000
A26: 45861 | B26: PNEU 175/70R14 | C26: 6 | D26: 16000 | E26: =+$I$2+(PETITSOLO[[#This Row],[QUANTITE]]*PETITSOLO[[#This Row],[PRIX UNITAIRE]]) -> 96000 | G26: =SUM(E$9:$E26)-SUM(F$9:$F26) -> 181000
A27: 45862 | B27: PNEU 235/60R18 GLEDE | C27: 2 | D27: 40000 | E27: =+$I$2+(PETITSOLO[[#This Row],[QUANTITE]]*PETITSOLO[[#This Row],[PRIX UNITAIRE]]) -> 80000 | G27: =SUM(E$9:$E27)-SUM(F$9:$F27) -> 261000
A28: 45863 | B28: PNEU 225/55R18 GLEDE | C28: 6 | D28: 40000 | E28: =+$I$2+(PETITSOLO[[#This Row],[QUANTITE]]*PETITSOLO[[#This Row],[PRIX UNITAIRE]]) -> 240000 | G28: =SUM(E$9:$E28)-SUM(F$9:$F28) -> 501000
A29: 45864 | B29: PNEU 225/55R19 GLEDE | C29: 4 | E29: =+$I$2+(PETITSOLO[[#This Row],[QUANTITE]]*PETITSOLO[[#This Row],[PRIX UNITAIRE]]) -> 0 | G29: =SUM(E$9:$E29)-SUM(F$9:$F29) -> 501000
A30: 45861 | B30: PNEU 245/50R20 KHUMO | C30: 2 | D30: 140000 | E30: =+$I$2+(PETITSOLO[[#This Row],[QUANTITE]]*PETITSOLO[[#This Row],[PRIX UNITAIRE]]) -> 280000 | G30: =SUM(E$9:$E30)-SUM(F$9:$F30) -> 781000
A31: 45857 | B31: PNEU 225/65R17 GLEDE | C31: 2 | D31: 35000 | E31: =+$I$2+(PETITSOLO[[#This Row],[QUANTITE]]*PETITSOLO[[#This Row],[PRIX UNITAIRE]]) -> 70000 | G31: =SUM(E$9:$E31)-SUM(F$9:$F31) -> 851000
A32: 45857 | B32: PNEU 225/55R18 GLEDE | C32: 4 | D32: 40000 | E32: =+$I$2+(PETITSOLO[[#This Row],[QUANTITE]]*PETITSOLO[[#This Row],[PRIX UNITAIRE]]) -> 160000 | G32: =SUM(E$9:$E32)-SUM(F$9:$F32) -> 1011000
A33: 45864 | B33: PAYE | E33: =+$I$2+(PETITSOLO[[#This Row],[QUANTITE]]*PETITSOLO[[#This Row],[PRIX UNITAIRE]]) -> 0 | F33: 780000 | G33: =SUM(E$9:$E33)-SUM(F$9:$F33) -> 231000
A34: 45868 | B34: PNEU 225/65R17 GLEDE | C34: 4 | D34: 35000 | E34: =+$I$2+(PETITSOLO[[#This Row],[QUANTITE]]*PETITSOLO[[#This Row],[PRIX UNITAIRE]]) -> 140000 | G34: =SUM(E$9:$E34)-SUM(F$9:$F34) -> 371000
A35: 45871 | B35: PNEU 225/55R19 GLEDE | C35: 2 | D35: 42500 | E35: =+$I$2+(PETITSOLO[[#This Row],[QUANTITE]]*PETITSOLO[[#This Row],[PRIX UNITAIRE]]) -> 85000 | G35: =SUM(E$9:$E35)-SUM(F$9:$F35) -> 456000
A36: 45874 | B36: PNEU 265/60R18 GLEDE | C36: 4 | E36: =+$I$2+(PETITSOLO[[#This Row],[QUANTITE]]*PETITSOLO[[#This Row],[PRIX UNITAIRE]]) -> 0 | G36: =SUM(E$9:$E36)-SUM(F$9:$F36) -> 456000
A37: 45864 | B37: PNEU 235/55R19 GLEDE | C37: 3 | D37: 42500 | E37: =+$I$2+(PETITSOLO[[#This Row],[QUANTITE]]*PETITSOLO[[#This Row],[PRIX UNITAIRE]]) -> 127500 | G37: =SUM(E$9:$E37)-SUM(F$9:$F37) -> 583500
A38: 45864 | B38: PNEU 225/655R19 GLEDE | C38: 4 | D38: 42500 | E38: =+$I$2+(PETITSOLO[[#This Row],[QUANTITE]]*PETITSOLO[[#This Row],[PRIX UNITAIRE]]) -> 170000 | G38: =SUM(E$9:$E38)-SUM(F$9:$F38) -> 753500
A39: 45877 | B39: PNEU 225/60R18 GLEDE | C39: 4 | D39: 40000 | E39: =+$I$2+(PETITSOLO[[#This Row],[QUANTITE]]*PETITSOLO[[#This Row],[PRIX UNITAIRE]]) -> 160000 | G39: =SUM(E$9:$E39)-SUM(F$9:$F39) -> 913500
A40: 45877 | B40: PNEU 235/60R18 GLEDE | C40: 4 | E40: =+$I$2+(PETITSOLO[[#This Row],[QUANTITE]]*PETITSOLO[[#This Row],[PRIX UNITAIRE]]) -> 0 | G40: =SUM(E$9:$E40)-SUM(F$9:$F40) -> 913500
A41: 45880 | B41: PNEU 255/40R18 GLEDE | C41: 2 | E41: =+$I$2+(PETITSOLO[[#This Row],[QUANTITE]]*PETITSOLO[[#This Row],[PRIX UNITAIRE]]) -> 0 | G41: =SUM(E$9:$E41)-SUM(F$9:$F41) -> 913500
A42: 45881 | B42: PNEU 225./60R17 GLEDE | C42: 4 | D42: 35000 | E42: =+$I$2+(PETITSOLO[[#This Row],[QUANTITE]]*PETITSOLO[[#This Row],[PRIX UNITAIRE]]) -> 140000 | G42: =SUM(E$9:$E42)-SUM(F$9:$F42) -> 1053500
A43: 45889 | B43: PNEU 245/50R18 GLEDE | C43: 4 | D43: 40000 | E43: =+$I$2+(PETITSOLO[[#This Row],[QUANTITE]]*PETITSOLO[[#This Row],[PRIX UNITAIRE]]) -> 160000 | G43: =SUM(E$9:$E43)-SUM(F$9:$F43) -> 1213500
A44: 45881 | B44: PNEU 225/60R17 GLEDE | C44: 4 | D44: 35000 | E44: =+$I$2+(PETITSOLO[[#This Row],[QUANTITE]]*PETITSOLO[[#This Row],[PRIX UNITAIRE]]) -> 140000 | G44: =SUM(E$9:$E44)-SUM(F$9:$F44) -> 1353500
A45: 45892 | B45: PNEU 245/40R20 GLEDE | C45: 4 | D45: 50000 | E45: =+$I$2+(PETITSOLO[[#This Row],[QUANTITE]]*PETITSOLO[[#This Row],[PRIX UNITAIRE]]) -> 200000 | G45: =SUM(E$9:$E45)-SUM(F$9:$F45) -> 1553500
A46: 45897 | B46: PNEU 265/65R17 GLEDE | C46: 4 | D46: 42500 | E46: =+$I$2+(PETITSOLO[[#This Row],[QUANTITE]]*PETITSOLO[[#This Row],[PRIX UNITAIRE]]) -> 170000 | G46: =SUM(E$9:$E46)-SUM(F$9:$F46) -> 1723500
A47: 45910 | B47: PNEU 235/65R17 GLEDE | C47: 4 | D47: 35000 | E47: =+$I$2+(PETITSOLO[[#This Row],[QUANTITE]]*PETITSOLO[[#This Row],[PRIX UNITAIRE]]) -> 140000 | G47: =SUM(E$9:$E47)-SUM(F$9:$F47) -> 1863500
A48: 45913 | B48: PNEU 275/45R21 GLEDE | C48: 4 | D48: 75000 | E48: =+$I$2+(PETITSOLO[[#This Row],[QUANTITE]]*PETITSOLO[[#This Row],[PRIX UNITAIRE]]) -> 300000 | G48: =SUM(E$9:$E48)-SUM(F$9:$F48) -> 2163500
A49: 45918 | B49: PAYE | E49: =+$I$2+(PETITSOLO[[#This Row],[QUANTITE]]*PETITSOLO[[#This Row],[PRIX UNITAIRE]]) -> 0 | F49: 2172000 | G49: =SUM(E$9:$E49)-SUM(F$9:$F49) -> -8500
A50: 45874 | B50: PNEU 265/60R18 GLEDE | C50: 4 | D50: 35000 | E50: =+$I$2+(PETITSOLO[[#This Row],[QUANTITE]]*PETITSOLO[[#This Row],[PRIX UNITAIRE]]) -> 140000 | G50: =SUM(E$9:$E50)-SUM(F$9:$F50) -> 131500
A51: 45909 | B51: PNEU 175/65R14 GLEDE | C51: 4 | D51: 16000 | E51: =+$I$2+(PETITSOLO[[#This Row],[QUANTITE]]*PETITSOLO[[#This Row],[PRIX UNITAIRE]]) -> 64000 | G51: =SUM(E$9:$E51)-SUM(F$9:$F51) -> 195500
A52: 45918 | B52: PAYE | E52: =+$I$2+(PETITSOLO[[#This Row],[QUANTITE]]*PETITSOLO[[#This Row],[PRIX UNITAIRE]]) -> 0 | F52: 195500 | G52: =SUM(E$9:$E52)-SUM(F$9:$F52) -> 0
A53: 46073 | B53: PNEU 225/45R18 GLEDE | C53: 1 | D53: 40000 | E53: =+$I$2+(PETITSOLO[[#This Row],[QUANTITE]]*PETITSOLO[[#This Row],[PRIX UNITAIRE]]) -> 40000 | G53: =SUM(E$9:$E53)-SUM(F$9:$F53) -> 40000
A54: 46084 | E54: =+$I$2+(PETITSOLO[[#This Row],[QUANTITE]]*PETITSOLO[[#This Row],[PRIX UNITAIRE]]) -> 0 | F54: 40000 | G54: =SUM(E$9:$E54)-SUM(F$9:$F54) -> 0
A55: 46098 | B55: 235/55R19 | C55: 4 | D55: 42500 | E55: =+$I$2+(PETITSOLO[[#This Row],[QUANTITE]]*PETITSOLO[[#This Row],[PRIX UNITAIRE]]) -> 170000 | F55: 170000 | G55: =SUM(E$9:$E55)-SUM(F$9:$F55) -> 0
A56: 46099 | B56: 245/50R18 GLEDE | C56: 4 | D56: 42500 | E56: =+$I$2+(PETITSOLO[[#This Row],[QUANTITE]]*PETITSOLO[[#This Row],[PRIX UNITAIRE]]) -> 170000 | G56: =SUM(E$9:$E56)-SUM(F$9:$F56) -> 170000
E57: =+$I$2+(PETITSOLO[[#This Row],[QUANTITE]]*PETITSOLO[[#This Row],[PRIX UNITAIRE]]) -> 0 | G57: =SUM(E$9:$E57)-SUM(F$9:$F57) -> 170000
E58: =+$I$2+(PETITSOLO[[#This Row],[QUANTITE]]*PETITSOLO[[#This Row],[PRIX UNITAIRE]]) -> 0 | G58: =SUM(E$9:$E58)-SUM(F$9:$F58) -> 170000
E59: =+$I$2+(PETITSOLO[[#This Row],[QUANTITE]]*PETITSOLO[[#This Row],[PRIX UNITAIRE]]) -> 0 | G59: =SUM(E$9:$E59)-SUM(F$9:$F59) -> 170000
E60: =+$I$2+(PETITSOLO[[#This Row],[QUANTITE]]*PETITSOLO[[#This Row],[PRIX UNITAIRE]]) -> 0 | G60: =SUM(E$9:$E60)-SUM(F$9:$F60) -> 170000
E61: =+$I$2+(PETITSOLO[[#This Row],[QUANTITE]]*PETITSOLO[[#This Row],[PRIX UNITAIRE]]) -> 0 | G61: =SUM(E$9:$E61)-SUM(F$9:$F61) -> 170000
E62: =+$I$2+(PETITSOLO[[#This Row],[QUANTITE]]*PETITSOLO[[#This Row],[PRIX UNITAIRE]]) -> 0 | G62: =SUM(E$9:$E62)-SUM(F$9:$F62) -> 170000
E63: =+$I$2+(PETITSOLO[[#This Row],[QUANTITE]]*PETITSOLO[[#This Row],[PRIX UNITAIRE]]) -> 0 | G63: =SUM(E$9:$E63)-SUM(F$9:$F63) -> 170000
E64: =+$I$2+(PETITSOLO[[#This Row],[QUANTITE]]*PETITSOLO[[#This Row],[PRIX UNITAIRE]]) -> 0 | G64: =SUM(E$9:$E64)-SUM(F$9:$F64) -> 170000
E65: =+$I$2+(PETITSOLO[[#This Row],[QUANTITE]]*PETITSOLO[[#This Row],[PRIX UNITAIRE]]) -> 0 | G65: =SUM(E$9:$E65)-SUM(F$9:$F65) -> 170000
E66: =+$I$2+(PETITSOLO[[#This Row],[QUANTITE]]*PETITSOLO[[#This Row],[PRIX UNITAIRE]]) -> 0 | G66: =SUM(E$9:$E66)-SUM(F$9:$F66) -> 170000
E67: =+$I$2+(PETITSOLO[[#This Row],[QUANTITE]]*PETITSOLO[[#This Row],[PRIX UNITAIRE]]) -> 0 | G67: =SUM(E$9:$E67)-SUM(F$9:$F67) -> 170000
E68: =+$I$2+(PETITSOLO[[#This Row],[QUANTITE]]*PETITSOLO[[#This Row],[PRIX UNITAIRE]]) -> 0 | G68: =SUM(E$9:$E68)-SUM(F$9:$F68) -> 170000
... E109: =+$I$2+(PETITSOLO[[#This Row],[QUANTITE]]*PETITSOLO[[#This Row],[PRIX UNITAIRE]]) -> 0 | G109: =SUM(E$9:$E109)-SUM(F$9:$F109) -> 170000

Sheet SEINA
I2: 0
D3: ANNEE | E3: CHIFFRE AFFAIRE | F3: TOTAL VERSEMENT | G3: SOLDE
D4: BILAN | E4: =+SUM(SEINA[TOTAL MONTANT]) -> 72485000 | F4: =+SUM(SEINA[VERSEMENT]) -> 70325000 | G4: =+E4-F4 -> 2160000
B5: NOM CLIENT
B6: SEINA
A8: DATE | B8: DESIGNATION | C8: QUANTITE | D8: PRIX UNITAIRE | E8: TOTAL MONTANT | F8: VERSEMENT | G8: SOLDE
A9: 45084 | B9: PNEU 315/80R22,5 MIXTE | C9: 20 | D9: 125000 | E9: =+$I$2+(SEINA[[#This Row],[QUANTITE]]*SEINA[[#This Row],[PRIX UNITAIRE]]) -> 2500000 | F9: 0 | G9: =SUM(E$9:$E9)-SUM(F$9:$F9) -> 2500000
B10: PNEU 750R16 JK GD | C10: 10 | D10: 95000 | E10: =+$I$2+(SEINA[[#This Row],[QUANTITE]]*SEINA[[#This Row],[PRIX UNITAIRE]]) -> 950000 | F10: 0 | G10: =SUM(E$9:$E10)-SUM(F$9:$F10) -> 3450000
A11: 45121 | B11: VERSEMENT | C11: 1 | D11: 0 | E11: =+$I$2+(SEINA[[#This Row],[QUANTITE]]*SEINA[[#This Row],[PRIX UNITAIRE]]) -> 0 | F11: 3450000 | G11: =SUM(E$9:$E11)-SUM(F$9:$F11) -> 0
A12: 45187 | B12: PNEU 245/65R17 KAPSEN | C12: 4 | D12: 60000 | E12: =+$I$2+(SEINA[[#This Row],[QUANTITE]]*SEINA[[#This Row],[PRIX UNITAIRE]]) -> 240000 | F12: 0 | G12: =SUM(E$9:$E12)-SUM(F$9:$F12) -> 240000
A13: 45187 | B13: PNEU 215/55R17 HABLEAD | C13: 4 | D13: 50000 | E13: =+$I$2+(SEINA[[#This Row],[QUANTITE]]*SEINA[[#This Row],[PRIX UNITAIRE]]) -> 200000 | F13: 0 | G13: =SUM(E$9:$E13)-SUM(F$9:$F13) -> 440000
A14: 45191 | B14: PNEU 750R16 JK GD | C14: 80 | D14: 95000 | E14: =+$I$2+(SEINA[[#This Row],[QUANTITE]]*SEINA[[#This Row],[PRIX UNITAIRE]]) -> 7600000 | F14: 0 | G14: =SUM(E$9:$E14)-SUM(F$9:$F14) -> 8040000
B15: PNEU 385/65R22.5 KELLY | C15: 8 | D15: 350000 | E15: =+$I$2+(SEINA[[#This Row],[QUANTITE]]*SEINA[[#This Row],[PRIX UNITAIRE]]) -> 2800000 | F15: 0 | G15: =SUM(E$9:$E15)-SUM(F$9:$F15) -> 10840000
B16: PNEU 315/80R22,5 MIXTE | C16: 30 | D16: 125000 | E16: =+$I$2+(SEINA[[#This Row],[QUANTITE]]*SEINA[[#This Row],[PRIX UNITAIRE]]) -> 3750000 | F16: 0 | G16: =SUM(E$9:$E16)-SUM(F$9:$F16) -> 14590000
B17: VERSEMENT | C17: 1 | D17: 0 | E17: =+$I$2+(SEINA[[#This Row],[QUANTITE]]*SEINA[[#This Row],[PRIX UNITAIRE]]) -> 0 | F17: 14590000 | G17: =SUM(E$9:$E17)-SUM(F$9:$F17) -> 0
A18: 45323 | B18: HOUSSE FAUTEUIL CUIR | C18: 1 | D18: 65000 | E18: =+$I$2+(SEINA[[#This Row],[QUANTITE]]*SEINA[[#This Row],[PRIX UNITAIRE]]) -> 65000 | F18: 0 | G18: =SUM(E$9:$E18)-SUM(F$9:$F18) -> 65000
B19: TAPIS ORIGINAL MITSUBISHI | C19: 1 | D19: 40000 | E19: =+$I$2+(SEINA[[#This Row],[QUANTITE]]*SEINA[[#This Row],[PRIX UNITAIRE]]) -> 40000 | F19: 0 | G19: =SUM(E$9:$E19)-SUM(F$9:$F19) -> 105000
B20: CHAMPOIN AUTO WASH LIQUI MOLY | C20: 1 | D20: 15000 | E20: =+$I$2+(SEINA[[#This Row],[QUANTITE]]*SEINA[[#This Row],[PRIX UNITAIRE]]) -> 15000 | F20: 0 | G20: =SUM(E$9:$E20)-SUM(F$9:$F20) -> 120000
B21: NETTOYANT TABLEAU DE BOARD | C21: 1 | D21: 10000 | E21: =+$I$2+(SEINA[[#This Row],[QUANTITE]]*SEINA[[#This Row],[PRIX UNITAIRE]]) -> 10000 | F21: 0 | G21: =SUM(E$9:$E21)-SUM(F$9:$F21) -> 130000
B22: EXTINCTEUR 1000ML | C22: 1 | D22: 10000 | E22: =+$I$2+(SEINA[[#This Row],[QUANTITE]]*SEINA[[#This Row],[PRIX UNITAIRE]]) -> 10000 | F22: 0 | G22: =SUM(E$9:$E22)-SUM(F$9:$F22) -> 140000
B23: TRIANGLE GRANDE TAILLE | C23: 1 | D23: 5000 | E23: =+$I$2+(SEINA[[#This Row],[QUANTITE]]*SEINA[[#This Row],[PRIX UNITAIRE]]) -> 5000 | F23: 0 | G23: =SUM(E$9:$E23)-SUM(F$9:$F23) -> 145000
B24: COUVRE COLANT | C24: 1 | D24: 10000 | E24: =+$I$2+(SEINA[[#This Row],[QUANTITE]]*SEINA[[#This Row],[PRIX UNITAIRE]]) -> 10000 | F24: 0 | G24: =SUM(E$9:$E24)-SUM(F$9:$F24) -> 155000
A25: 45328 | B25: PNEU 235/65R18 KAPSEN | C25: 4 | D25: 65000 | E25: =+$I$2+(SEINA[[#This Row],[QUANTITE]]*SEINA[[#This Row],[PRIX UNITAIRE]]) -> 260000 | F25: 0 | G25: =SUM(E$9:$E25)-SUM(F$9:$F25) -> 415000
B26: HUILE DE FREIN DOT4 | C26: 1 | D26: 5000 | E26: =+$I$2+(SEINA[[#This Row],[QUANTITE]]*SEINA[[#This Row],[PRIX UNITAIRE]]) -> 5000 | F26: 0 | G26: =SUM(E$9:$E26)-SUM(F$9:$F26) -> 420000
B27: EAU DE RADIATEUR 5L VALEO | C27: 1 | D27: 15000 | E27: =+$I$2+(SEINA[[#This Row],[QUANTITE]]*SEINA[[#This Row],[PRIX UNITAIRE]]) -> 15000 | F27: 0 | G27: =SUM(E$9:$E27)-SUM(F$9:$F27) -> 435000
A28: 45342 | B28: PNEU 235/70R16 APLUS | C28: 4 | D28: 60000 | E28: =+$I$2+(SEINA[[#This Row],[QUANTITE]]*SEINA[[#This Row],[PRIX UNITAIRE]]) -> 240000 | F28: 0 | G28: =SUM(E$9:$E28)-SUM(F$9:$F28) -> 675000
A29: 45366 | B29: PNEU 265/65R17 KAPSEN | C29: 4 | D29: 60000 | E29: =+$I$2+(SEINA[[#This Row],[QUANTITE]]*SEINA[[#This Row],[PRIX UNITAIRE]]) -> 240000 | F29: 0 | G29: =SUM(E$9:$E29)-SUM(F$9:$F29) -> 915000
A30: 45371 | B30: PNEU 750R16 JK GD | C30: 6 | D30: 95000 | E30: =+$I$2+(SEINA[[#This Row],[QUANTITE]]*SEINA[[#This Row],[PRIX UNITAIRE]]) -> 570000 | F30: 0 | G30: =SUM(E$9:$E30)-SUM(F$9:$F30) -> 1485000
A31: 45374 | B31: PNEU 9,5R17,5 | C31: 2 | D31: 85000 | E31: =+$I$2+(SEINA[[#This Row],[QUANTITE]]*SEINA[[#This Row],[PRIX UNITAIRE]]) -> 170000 | F31: 0 | G31: =SUM(E$9:$E31)-SUM(F$9:$F31) -> 1655000
B32: PNEU 235/75R17,5 | C32: 2 | D32: 85000 | E32: =+$I$2+(SEINA[[#This Row],[QUANTITE]]*SEINA[[#This Row],[PRIX UNITAIRE]]) -> 170000 | F32: 0 | G32: =SUM(E$9:$E32)-SUM(F$9:$F32) -> 1825000
A33: 45355 | B33: PNEU 13R22,5 MIXTE | C33: 5 | D33: 160000 | E33: =+$I$2+(SEINA[[#This Row],[QUANTITE]]*SEINA[[#This Row],[PRIX UNITAIRE]]) -> 800000 | F33: 0 | G33: =SUM(E$9:$E33)-SUM(F$9:$F33) -> 2625000
A34: 45464 | B34: PNEU 245/40R18 | C34: 2 | D34: 55000 | E34: =+$I$2+(SEINA[[#This Row],[QUANTITE]]*SEINA[[#This Row],[PRIX UNITAIRE]]) -> 110000 | F34: 0 | G34: =SUM(E$9:$E34)-SUM(F$9:$F34) -> 2735000
A35: 45477 | B35: PARALLELISME+EQULIBRAGE | C35: 1 | D35: 20000 | E35: =+$I$2+(SEINA[[#This Row],[QUANTITE]]*SEINA[[#This Row],[PRIX UNITAIRE]]) -> 20000 | F35: 0 | G35: =SUM(E$9:$E35)-SUM(F$9:$F35) -> 2755000
A36: 45499 | B36: PNEU 23,5-25 | C36: 2 | D36: 900000 | E36: =+$I$2+(SEINA[[#This Row],[QUANTITE]]*SEINA[[#This Row],[PRIX UNITAIRE]]) -> 1800000 | F36: 0 | G36: =SUM(E$9:$E36)-SUM(F$9:$F36) -> 4555000
A37: 45504 | B37: PARALLELISME/L200-8956HZ01 | C37: 1 | D37: 10000 | E37: =+$I$2+(SEINA[[#This Row],[QUANTITE]]*SEINA[[#This Row],[PRIX UNITAIRE]]) -> 10000 | F37: 0 | G37: =SUM(E$9:$E37)-SUM(F$9:$F37) -> 4565000
A38: 45509 | B38: PNEU 255/50R20 KAPSEN -/FORD | C38: 2 | D38: 85000 | E38: =+$I$2+(SEINA[[#This Row],[QUANTITE]]*SEINA[[#This Row],[PRIX UNITAIRE]]) -> 170000 | F38: 0 | G38: =SUM(E$9:$E38)-SUM(F$9:$F38) -> 4735000
A39: 45513 | B39: PNEU 9,5R17,5 | C39: 16 | D39: 85000 | E39: =+$I$2+(SEINA[[#This Row],[QUANTITE]]*SEINA[[#This Row],[PRIX UNITAIRE]]) -> 1360000 | F39: 0 | G39: =SUM(E$9:$E39)-SUM(F$9:$F39) -> 6095000
A40: 45527 | B40: PNEU 235/55R19 TRANSMETRE/ NISSAN | C40: 4 | D40: 65000 | E40: =+$I$2+(SEINA[[#This Row],[QUANTITE]]*SEINA[[#This Row],[PRIX UNITAIRE]]) -> 260000 | F40: 0 | G40: =SUM(E$9:$E40)-SUM(F$9:$F40) -> 6355000
B41: TAPIS ORGINAL NISSAN | C41: 1 | D41: 25000 | E41: =+$I$2+(SEINA[[#This Row],[QUANTITE]]*SEINA[[#This Row],[PRIX UNITAIRE]]) -> 25000 | F41: 0 | G41: =SUM(E$9:$E41)-SUM(F$9:$F41) -> 6380000
A42: 45538 | B42: PNEU 385/65R22.5 KELLY | C42: 2 | D42: 330000 | E42: =+$I$2+(SEINA[[#This Row],[QUANTITE]]*SEINA[[#This Row],[PRIX UNITAIRE]]) -> 660000 | F42: 0 | G42: =SUM(E$9:$E42)-SUM(F$9:$F42) -> 7040000
B43: PNEU 315/80R22,5 MIXTE | C43: 5 | D43: 125000 | E43: =+$I$2+(SEINA[[#This Row],[QUANTITE]]*SEINA[[#This Row],[PRIX UNITAIRE]]) -> 625000 | F43: 0 | G43: =SUM(E$9:$E43)-SUM(F$9:$F43) -> 7665000
A44: 45546 | B44: PNEU 315/80R22,5 MIXTE | C44: 20 | D44: 125000 | E44: =+$I$2+(SEINA[[#This Row],[QUANTITE]]*SEINA[[#This Row],[PRIX UNITAIRE]]) -> 2500000 | F44: 0 | G44: =SUM(E$9:$E44)-SUM(F$9:$F44) -> 10165000
B45: PNEU 750R16 JK GD | C45: 50 | D45: 90000 | E45: =+$I$2+(SEINA[[#This Row],[QUANTITE]]*SEINA[[#This Row],[PRIX UNITAIRE]]) -> 4500000 | F45: 0 | G45: =SUM(E$9:$E45)-SUM(F$9:$F45) -> 14665000
B46: PNEU 13R22,5 GD | C46: 24 | D46: 170000 | E46: =+$I$2+(SEINA[[#This Row],[QUANTITE]]*SEINA[[#This Row],[PRIX UNITAIRE]]) -> 4080000 | F46: 0 | G46: =SUM(E$9:$E46)-SUM(F$9:$F46) -> 18745000
B47: PNEU 13R22,5 MIXTE | C47: 4 | D47: 160000 | E47: =+$I$2+(SEINA[[#This Row],[QUANTITE]]*SEINA[[#This Row],[PRIX UNITAIRE]]) -> 640000 | F47: 0 | G47: =SUM(E$9:$E47)-SUM(F$9:$F47) -> 19385000
B48: PNEU 315/80R22,5 BRIDGESTONE R152 | C48: 2 | D48: 350000 | E48: =+$I$2+(SEINA[[#This Row],[QUANTITE]]*SEINA[[#This Row],[PRIX UNITAIRE]]) -> 700000 | F48: 0 | G48: =SUM(E$9:$E48)-SUM(F$9:$F48) -> 20085000
B49: PNEU 13R22,5 BRIDGESTONE M875 | C49: 6 | D49: 365000 | E49: =+$I$2+(SEINA[[#This Row],[QUANTITE]]*SEINA[[#This Row],[PRIX UNITAIRE]]) -> 2190000 | F49: 0 | G49: =SUM(E$9:$E49)-SUM(F$9:$F49) -> 22275000
B50: PNEU 9,5R17,5 GD | C50: 4 | D50: 90000 | E50: =+$I$2+(SEINA[[#This Row],[QUANTITE]]*SEINA[[#This Row],[PRIX UNITAIRE]]) -> 360000 | F50: 0 | G50: =SUM(E$9:$E50)-SUM(F$9:$F50) -> 22635000
B51: PNEU 9,5R175 PD | C51: 2 | D51: 85000 | E51: =+$I$2+(SEINA[[#This Row],[QUANTITE]]*SEINA[[#This Row],[PRIX UNITAIRE]]) -> 170000 | F51: 0 | G51: =SUM(E$9:$E51)-SUM(F$9:$F51) -> 22805000
A52: 45596 | B52: PNEU 315/80R22,5 MIXTE | C52: 15 | D52: 125000 | E52: =+$I$2+(SEINA[[#This Row],[QUANTITE]]*SEINA[[#This Row],[PRIX UNITAIRE]]) -> 1875000 | F52: 0 | G52: =SUM(E$9:$E52)-SUM(F$9:$F52) -> 24680000
B53: PNEU 385/65R22.5 KELLY | C53: 6 | D53: 345000 | E53: =+$I$2+(SEINA[[#This Row],[QUANTITE]]*SEINA[[#This Row],[PRIX UNITAIRE]]) -> 2070000 | F53: 0 | G53: =SUM(E$9:$E53)-SUM(F$9:$F53) -> 26750000
A54: 45603 | B54: PNEU 1400/24- + CHAMBRE A AIR | C54: 1 | D54: 300000 | E54: =+$I$2+(SEINA[[#This Row],[QUANTITE]]*SEINA[[#This Row],[PRIX UNITAIRE]]) -> 300000 | F54: 0 | G54: =SUM(E$9:$E54)-SUM(F$9:$F54) -> 27050000
A55: 45608 | B55: VERSEMENT | C55: 1 | D55: 0 | E55: =+$I$2+(SEINA[[#This Row],[QUANTITE]]*SEINA[[#This Row],[PRIX UNITAIRE]]) -> 0 | F55: 24640000 | G55: =SUM(E$9:$E55)-SUM(F$9:$F55) -> 2410000
A56: 45612 | B56: PNEU 385/65R22.5 KELLY | C56: 6 | D56: 345000 | E56: =+$I$2+(SEINA[[#This Row],[QUANTITE]]*SEINA[[#This Row],[PRIX UNITAIRE]]) -> 2070000 | F56: 0 | G56: =SUM(E$9:$E56)-SUM(F$9:$F56) -> 4480000
A57: 45612 | B57: PNEU 9,5R17,5 GD | C57: 4 | D57: 90000 | E57: =+$I$2+(SEINA[[#This Row],[QUANTITE]]*SEINA[[#This Row],[PRIX UNITAIRE]]) -> 360000 | F57: 0 | G57: =SUM(E$9:$E57)-SUM(F$9:$F57) -> 4840000
A58: 45612 | B58: PNEU 9,5R17,5 MIXTE | C58: 3 | D58: 85000 | E58: =+$I$2+(SEINA[[#This Row],[QUANTITE]]*SEINA[[#This Row],[PRIX UNITAIRE]]) -> 255000 | F58: 0 | G58: =SUM(E$9:$E58)-SUM(F$9:$F58) -> 5095000
A59: 45612 | B59: PNEU 315/80R22,5 MIXTE | C59: 9 | D59: 125000 | E59: =+$I$2+(SEINA[[#This Row],[QUANTITE]]*SEINA[[#This Row],[PRIX UNITAIRE]]) -> 1125000 | F59: 0 | G59: =SUM(E$9:$E59)-SUM(F$9:$F59) -> 6220000
A60: 45311 | B60: PNEU 385/65R22.5 KAPSEN | C60: 3 | D60: 170000 | E60: =+$I$2+(SEINA[[#This Row],[QUANTITE]]*SEINA[[#This Row],[PRIX UNITAIRE]]) -> 510000 | G60: =SUM(E$9:$E60)-SUM(F$9:$F60) -> 6730000
A61: 45666 | B61: HABILLAGE FAUTEUILS MITSUBISHI | C61: 1 | D61: 65000 | E61: =+$I$2+(SEINA[[#This Row],[QUANTITE]]*SEINA[[#This Row],[PRIX UNITAIRE]]) -> 65000 | G61: =SUM(E$9:$E61)-SUM(F$9:$F61) -> 6795000
E62: =+$I$2+(SEINA[[#This Row],[QUANTITE]]*SEINA[[#This Row],[PRIX UNITAIRE]]) -> 0 | F62: 6220000 | G62: =SUM(E$9:$E62)-SUM(F$9:$F62) -> 575000
A63: 45828 | B63: PNEU 255/50R20 GLEDE / AA-890-FS | C63: 4 | D63: 70000 | E63: =+$I$2+(SEINA[[#This Row],[QUANTITE]]*SEINA[[#This Row],[PRIX UNITAIRE]]) -> 280000 | G63: =SUM(E$9:$E63)-SUM(F$9:$F63) -> 855000
A64: 56792 | B64: PNEU 315/80R22,5 MIXTE BLACKRIDER | C64: 50 | D64: 125000 | E64: =+$I$2+(SEINA[[#This Row],[QUANTITE]]*SEINA[[#This Row],[PRIX UNITAIRE]]) -> 6250000 | G64: =SUM(E$9:$E64)-SUM(F$9:$F64) -> 7105000
A65: 45835 | B65: PNEU 7,50R16 JK | C65: 70 | D65: 95000 | E65: =+$I$2+(SEINA[[#This Row],[QUANTITE]]*SEINA[[#This Row],[PRIX UNITAIRE]]) -> 6650000 | G65: =SUM(E$9:$E65)-SUM(F$9:$F65) -> 13755000
A66: 45896 | B66: PNEU 8,25R16 KAPSEN | C66: 6 | D66: 90000 | E66: =+$I$2+(SEINA[[#This Row],[QUANTITE]]*SEINA[[#This Row],[PRIX UNITAIRE]]) -> 540000 | G66: =SUM(E$9:$E66)-SUM(F$9:$F66) -> 14295000
A67: 45835 | B67: PNEU 9,5R17,5 | C67: 6 | D67: 95000 | E67: =+$I$2+(SEINA[[#This Row],[QUANTITE]]*SEINA[[#This Row],[PRIX UNITAIRE]]) -> 570000 | G67: =SUM(E$9:$E67)-SUM(F$9:$F67) -> 14865000
A68: 45835 | B68: PNEU 385/65R22,5 KAPSEN | C68: 25 | D68: 165000 | E68: =+$I$2+(SEINA[[#This Row],[QUANTITE]]*SEINA[[#This Row],[PRIX UNITAIRE]]) -> 4125000 | G68: =SUM(E$9:$E68)-SUM(F$9:$F68) -> 18990000
A69: 45835 | B69: PNEU 385/65R22,5 EUROPEEN | C69: 11 | D69: 340000 | E69: =+$I$2+(SEINA[[#This Row],[QUANTITE]]*SEINA[[#This Row],[PRIX UNITAIRE]]) -> 3740000 | G69: =SUM(E$9:$E69)-SUM(F$9:$F69) -> 22730000
A70: 45845 | B70: CHEQUE N° 1004597 | C70: 1 | D70: 0 | E70: =+$I$2+(SEINA[[#This Row],[QUANTITE]]*SEINA[[#This Row],[PRIX UNITAIRE]]) -> 0 | F70: 11000000 | G70: =SUM(E$9:$E70)-SUM(F$9:$F70) -> 11730000
A71: 45926 | B71: PAYE | E71: =+$I$2+(SEINA[[#This Row],[QUANTITE]]*SEINA[[#This Row],[PRIX UNITAIRE]]) -> 0 | F71: 10425000 | G71: =SUM(E$9:$E71)-SUM(F$9:$F71) -> 1305000
A72: 45835 | B72: PNEU 385/65R22.5 | C72: 3 | D72: 170000 | E72: =+$I$2+(SEINA[[#This Row],[QUANTITE]]*SEINA[[#This Row],[PRIX UNITAIRE]]) -> 510000 | G72: =SUM(E$9:$E72)-SUM(F$9:$F72) -> 1815000
A73: 45835 | B73: HOUSSE FAUTEUIL CUIR | C73: 1 | D73: 65000 | E73: =+$I$2+(SEINA[[#This Row],[QUANTITE]]*SEINA[[#This Row],[PRIX UNITAIRE]]) -> 65000 | G73: =SUM(E$9:$E73)-SUM(F$9:$F73) -> 1880000
A74: 45835 | B74: PNEU 255/50R20 | C74: 4 | D74: 70000 | E74: =+$I$2+(SEINA[[#This Row],[QUANTITE]]*SEINA[[#This Row],[PRIX UNITAIRE]]) -> 280000 | G74: =SUM(E$9:$E74)-SUM(F$9:$F74) -> 2160000
E75: =+$I$2+(SEINA[[#This Row],[QUANTITE]]*SEINA[[#This Row],[PRIX UNITAIRE]]) -> 0 | G75: =SUM(E$9:$E75)-SUM(F$9:$F75) -> 2160000
E76: =+$I$2+(SEINA[[#This Row],[QUANTITE]]*SEINA[[#This Row],[PRIX UNITAIRE]]) -> 0 | G76: =SUM(E$9:$E76)-SUM(F$9:$F76) -> 2160000
E77: =+$I$2+(SEINA[[#This Row],[QUANTITE]]*SEINA[[#This Row],[PRIX UNITAIRE]]) -> 0 | G77: =SUM(E$9:$E77)-SUM(F$9:$F77) -> 2160000
E78: =+$I$2+(SEINA[[#This Row],[QUANTITE]]*SEINA[[#This Row],[PRIX UNITAIRE]]) -> 0 | G78: =SUM(E$9:$E78)-SUM(F$9:$F78) -> 2160000
E79: =+$I$2+(SEINA[[#This Row],[QUANTITE]]*SEINA[[#This Row],[PRIX UNITAIRE]]) -> 0 | G79: =SUM(E$9:$E79)-SUM(F$9:$F79) -> 2160000
E80: =+$I$2+(SEINA[[#This Row],[QUANTITE]]*SEINA[[#This Row],[PRIX UNITAIRE]]) -> 0 | G80: =SUM(E$9:$E80)-SUM(F$9:$F80) -> 2160000
E81: =+$I$2+(SEINA[[#This Row],[QUANTITE]]*SEINA[[#This Row],[PRIX UNITAIRE]]) -> 0 | G81: =SUM(E$9:$E81)-SUM(F$9:$F81) -> 2160000
E82: =+$I$2+(SEINA[[#This Row],[QUANTITE]]*SEINA[[#This Row],[PRIX UNITAIRE]]) -> 0 | G82: =SUM(E$9:$E82)-SUM(F$9:$F82) -> 2160000
E83: =+$I$2+(SEINA[[#This Row],[QUANTITE]]*SEINA[[#This Row],[PRIX UNITAIRE]]) -> 0 | G83: =SUM(E$9:$E83)-SUM(F$9:$F83) -> 2160000
E84: =+$I$2+(SEINA[[#This Row],[QUANTITE]]*SEINA[[#This Row],[PRIX UNITAIRE]]) -> 0 | G84: =SUM(E$9:$E84)-SUM(F$9:$F84) -> 2160000
E85: =+$I$2+(SEINA[[#This Row],[QUANTITE]]*SEINA[[#This Row],[PRIX UNITAIRE]]) -> 0 | G85: =SUM(E$9:$E85)-SUM(F$9:$F85) -> 2160000
E86: =+$I$2+(SEINA[[#This Row],[QUANTITE]]*SEINA[[#This Row],[PRIX UNITAIRE]]) -> 0 | G86: =SUM(E$9:$E86)-SUM(F$9:$F86) -> 2160000
... E112: =+$I$2+(SEINA[[#This Row],[QUANTITE]]*SEINA[[#This Row],[PRIX UNITAIRE]]) -> 0 | G112: =SUM(E$9:$E112)-SUM(F$9:$F112) -> 2160000

Sheet SAMFO
I2: 0
D3: ANNEE | E3: CHIFFRE AFFAIRE | F3: TOTAL VERSEMENT | G3: SOLDE
D4: BILAN | E4: =+SUM(SAMFO[TOTAL MONTANT]) -> 57593429 | F4: =+SUM(SAMFO[VERSEMENT]) -> 57590000 | G4: =+E4-F4 -> 3429
B5: NOM CLIENT
B6: SAMFO
A8: DATE | B8: DESIGNATION | C8: QUANTITE | D8: PRIX UNITAIRE | E8: TOTAL MONTANT | F8: VERSEMENT | G8: SOLDE
A9: 45641 | B9: INVENTAIRE | C9: 1 | D9: 21202800 | E9: =+$I$2+(SAMFO[[#This Row],[QUANTITE]]*SAMFO[[#This Row],[PRIX UNITAIRE]]) -> 21202800 | G9: =+SUM(E$9:$E9)-SUM(F$9:$F9) -> 21202800
A10: 45644 | B10: PNEU 9,5R17,5 | C10: 2 | D10: 68000 | E10: =+$I$2+(SAMFO[[#This Row],[QUANTITE]]*SAMFO[[#This Row],[PRIX UNITAIRE]]) -> 136000 | G10: =+SUM(E$9:$E10)-SUM(F$9:$F10) -> 21338800
A11: 45649 | B11: PNEU 225/65R17 | C11: 4 | D11: 45000 | E11: =+$I$2+(SAMFO[[#This Row],[QUANTITE]]*SAMFO[[#This Row],[PRIX UNITAIRE]]) -> 180000 | G11: =+SUM(E$9:$E11)-SUM(F$9:$F11) -> 21518800
A12: 45654 | B12: ESPECE | E12: =+$I$2+(SAMFO[[#This Row],[QUANTITE]]*SAMFO[[#This Row],[PRIX UNITAIRE]]) -> 0 | F12: 1444000 | G12: =+SUM(E$9:$E12)-SUM(F$9:$F12) -> 20074800
A13: 45661 | B13: ESPECE | E13: =+$I$2+(SAMFO[[#This Row],[QUANTITE]]*SAMFO[[#This Row],[PRIX UNITAIRE]]) -> 0 | F13: 619000 | G13: =+SUM(E$9:$E13)-SUM(F$9:$F13) -> 19455800
A14: 45668 | B14: ESPECE | E14: =+$I$2+(SAMFO[[#This Row],[QUANTITE]]*SAMFO[[#This Row],[PRIX UNITAIRE]]) -> 0 | F14: 960000 | G14: =+SUM(E$9:$E14)-SUM(F$9:$F14) -> 18495800
A15: 45670 | B15: PNEU 750R15 BRIDGESTONE | C15: 2 | D15: 105000 | E15: =+$I$2+(SAMFO[[#This Row],[QUANTITE]]*SAMFO[[#This Row],[PRIX UNITAIRE]]) -> 210000 | G15: =+SUM(E$9:$E15)-SUM(F$9:$F15) -> 18705800
A16: 45674 | B16: ESPECE | E16: =+$I$2+(SAMFO[[#This Row],[QUANTITE]]*SAMFO[[#This Row],[PRIX UNITAIRE]]) -> 0 | F16: 796000 | G16: =+SUM(E$9:$E16)-SUM(F$9:$F16) -> 17909800
A17: 45678 | B17: PNEU 215/65R16 TRANSMATE | C17: 4 | D17: 35000 | E17: =+$I$2+(SAMFO[[#This Row],[QUANTITE]]*SAMFO[[#This Row],[PRIX UNITAIRE]]) -> 140000 | G17: =+SUM(E$9:$E17)-SUM(F$9:$F17) -> 18049800
A18: 45678 | B18: PNEU 9,5R17,5 | C18: 4 | D18: 70000 | E18: =+$I$2+(SAMFO[[#This Row],[QUANTITE]]*SAMFO[[#This Row],[PRIX UNITAIRE]]) -> 280000 | G18: =+SUM(E$9:$E18)-SUM(F$9:$F18) -> 18329800
A19: 45678 | B19: PNEU 315/80R22,5 BLACK RIDER | C19: 2 | D19: 105000 | E19: =+$I$2+(SAMFO[[#This Row],[QUANTITE]]*SAMFO[[#This Row],[PRIX UNITAIRE]]) -> 210000 | G19: =+SUM(E$9:$E19)-SUM(F$9:$F19) -> 18539800
A20: 45678 | B20: PNEU 7,50R16 BLACK RIDER | C20: 2 | D20: 40000 | E20: =+$I$2+(SAMFO[[#This Row],[QUANTITE]]*SAMFO[[#This Row],[PRIX UNITAIRE]]) -> 80000 | G20: =+SUM(E$9:$E20)-SUM(F$9:$F20) -> 18619800
A21: 45678 | B21: PNEU 13R22,5 KAPSEN | C21: 2 | D21: 135000 | E21: =+$I$2+(SAMFO[[#This Row],[QUANTITE]]*SAMFO[[#This Row],[PRIX UNITAIRE]]) -> 270000 | G21: =+SUM(E$9:$E21)-SUM(F$9:$F21) -> 18889800
A22: 45682 | B22: ESPECE | E22: =+$I$2+(SAMFO[[#This Row],[QUANTITE]]*SAMFO[[#This Row],[PRIX UNITAIRE]]) -> 0 | F22: 806000 | G22: =+SUM(E$9:$E22)-SUM(F$9:$F22) -> 18083800
A23: 45684 | B23: BATTERIE 180AH WHIL | C23: 5 | D23: 60000 | E23: =+$I$2+(SAMFO[[#This Row],[QUANTITE]]*SAMFO[[#This Row],[PRIX UNITAIRE]]) -> 300000 | G23: =+SUM(E$9:$E23)-SUM(F$9:$F23) -> 18383800
A24: 45684 | B24: BATTERIE 180AH TACOMA | C24: 1 | D24: 65000 | E24: =+$I$2+(SAMFO[[#This Row],[QUANTITE]]*SAMFO[[#This Row],[PRIX UNITAIRE]]) -> 65000 | G24: =+SUM(E$9:$E24)-SUM(F$9:$F24) -> 18448800
A25: 45684 | B25: BATTERIE 75AH CONTINENTAL | C25: 5 | D25: 43000 | E25: =+$I$2+(SAMFO[[#This Row],[QUANTITE]]*SAMFO[[#This Row],[PRIX UNITAIRE]]) -> 215000 | G25: =+SUM(E$9:$E25)-SUM(F$9:$F25) -> 18663800
A26: 45685 | B26: BATTERIE 100AH CONTINENTAL | C26: 5 | D26: 60000 | E26: =+$I$2+(SAMFO[[#This Row],[QUANTITE]]*SAMFO[[#This Row],[PRIX UNITAIRE]]) -> 300000 | G26: =+SUM(E$9:$E26)-SUM(F$9:$F26) -> 18963800
A27: 45685 | B27: BATTERIE 90AH CONTINENTAL | C27: 7 | D27: 55000 | E27: =+$I$2+(SAMFO[[#This Row],[QUANTITE]]*SAMFO[[#This Row],[PRIX UNITAIRE]]) -> 385000 | G27: =+SUM(E$9:$E27)-SUM(F$9:$F27) -> 19348800
A28: 45685 | B28: BATTERIE 150AH ESAN | C28: 2 | D28: 60000 | E28: =+$I$2+(SAMFO[[#This Row],[QUANTITE]]*SAMFO[[#This Row],[PRIX UNITAIRE]]) -> 120000 | G28: =+SUM(E$9:$E28)-SUM(F$9:$F28) -> 19468800
A29: 45685 | B29: BATTERIE 120AH BEYONIX | C29: 1 | D29: 55000 | E29: =+$I$2+(SAMFO[[#This Row],[QUANTITE]]*SAMFO[[#This Row],[PRIX UNITAIRE]]) -> 55000 | G29: =+SUM(E$9:$E29)-SUM(F$9:$F29) -> 19523800
A30: 45685 | B30: BATTERIE 200AH TACOMA | C30: 1 | D30: 90000 | E30: =+$I$2+(SAMFO[[#This Row],[QUANTITE]]*SAMFO[[#This Row],[PRIX UNITAIRE]]) -> 90000 | G30: =+SUM(E$9:$E30)-SUM(F$9:$F30) -> 19613800
A31: 45686 | B31: BARIQUE HUILE 10W 200L | C31: 1 | D31: 300000 | E31: =+$I$2+(SAMFO[[#This Row],[QUANTITE]]*SAMFO[[#This Row],[PRIX UNITAIRE]]) -> 300000 | G31: =+SUM(E$9:$E31)-SUM(F$9:$F31) -> 19913800
A32: 45686 | B32: BARIQUE HUILE 15W40 200L | C32: 1 | D32: 360000 | E32: =+$I$2+(SAMFO[[#This Row],[QUANTITE]]*SAMFO[[#This Row],[PRIX UNITAIRE]]) -> 360000 | G32: =+SUM(E$9:$E32)-SUM(F$9:$F32) -> 20273800
A33: 45689 | B33: ESPECE | E33: =+$I$2+(SAMFO[[#This Row],[QUANTITE]]*SAMFO[[#This Row],[PRIX UNITAIRE]]) -> 0 | F33: 2100000 | G33: =+SUM(E$9:$E33)-SUM(F$9:$F33) -> 18173800
A34: 45691 | B34: PNEU 7,50R16 TAITONG | C34: 4 | D34: 45000 | E34: =+$I$2+(SAMFO[[#This Row],[QUANTITE]]*SAMFO[[#This Row],[PRIX UNITAIRE]]) -> 180000 | G34: =+SUM(E$9:$E34)-SUM(F$9:$F34) -> 18353800
A35: 45691 | B35: PNEU 265/65R17 | C35: 2 | D35: 50000 | E35: =+$I$2+(SAMFO[[#This Row],[QUANTITE]]*SAMFO[[#This Row],[PRIX UNITAIRE]]) -> 100000 | G35: =+SUM(E$9:$E35)-SUM(F$9:$F35) -> 18453800
A36: 45691 | B36: PNEU 225/70R15C TRANSMATE | C36: 4 | D36: 40000 | E36: =+$I$2+(SAMFO[[#This Row],[QUANTITE]]*SAMFO[[#This Row],[PRIX UNITAIRE]]) -> 160000 | G36: =+SUM(E$9:$E36)-SUM(F$9:$F36) -> 18613800
A37: 45691 | B37: BATTERIE 75AH ESAN | C37: 5 | D37: 25000 | E37: =+$I$2+(SAMFO[[#This Row],[QUANTITE]]*SAMFO[[#This Row],[PRIX UNITAIRE]]) -> 125000 | G37: =+SUM(E$9:$E37)-SUM(F$9:$F37) -> 18738800
A38: 45691 | B38: BATTERIE 100AH BEYONIX | C38: 2 | D38: 45000 | E38: =+$I$2+(SAMFO[[#This Row],[QUANTITE]]*SAMFO[[#This Row],[PRIX UNITAIRE]]) -> 90000 | G38: =+SUM(E$9:$E38)-SUM(F$9:$F38) -> 18828800
A39: 45691 | B39: PNEU 315/80R22,5 BLACK RIDER | C39: 2 | D39: 105000 | E39: =+$I$2+(SAMFO[[#This Row],[QUANTITE]]*SAMFO[[#This Row],[PRIX UNITAIRE]]) -> 210000 | G39: =+SUM(E$9:$E39)-SUM(F$9:$F39) -> 19038800
A40: 45692 | B40: PNEU 13R22,5 MIXTE | C40: 4 | D40: 135000 | E40: =+$I$2+(SAMFO[[#This Row],[QUANTITE]]*SAMFO[[#This Row],[PRIX UNITAIRE]]) -> 540000 | G40: =+SUM(E$9:$E40)-SUM(F$9:$F40) -> 19578800
A41: 45695 | B41: PNEU 265/65R17 | C41: 2 | D41: 50000 | E41: =+$I$2+(SAMFO[[#This Row],[QUANTITE]]*SAMFO[[#This Row],[PRIX UNITAIRE]]) -> 100000 | G41: =+SUM(E$9:$E41)-SUM(F$9:$F41) -> 19678800
A42: 45696 | B42: ESPECE | E42: =+$I$2+(SAMFO[[#This Row],[QUANTITE]]*SAMFO[[#This Row],[PRIX UNITAIRE]]) -> 0 | F42: 1188000 | G42: =+SUM(E$9:$E42)-SUM(F$9:$F42) -> 18490800
A43: 45701 | B43: PNEU 315/80R22,5 BLACK RIDER | C43: 4 | D43: 105000 | E43: =+$I$2+(SAMFO[[#This Row],[QUANTITE]]*SAMFO[[#This Row],[PRIX UNITAIRE]]) -> 420000 | G43: =+SUM(E$9:$E43)-SUM(F$9:$F43) -> 18910800
A44: 45701 | B44: PNEU 13R22,5 WINMAX | C44: 4 | D44: 135000 | E44: =+$I$2+(SAMFO[[#This Row],[QUANTITE]]*SAMFO[[#This Row],[PRIX UNITAIRE]]) -> 540000 | G44: =+SUM(E$9:$E44)-SUM(F$9:$F44) -> 19450800
A45: 45701 | B45: BATTERIE EZAN 75AH | C45: 10 | D45: 24000 | E45: =+$I$2+(SAMFO[[#This Row],[QUANTITE]]*SAMFO[[#This Row],[PRIX UNITAIRE]]) -> 240000 | G45: =+SUM(E$9:$E45)-SUM(F$9:$F45) -> 19690800
A46: 45701 | B46: BATTERIE BEYONIX 100AH | C46: 2 | D46: 40000 | E46: =+$I$2+(SAMFO[[#This Row],[QUANTITE]]*SAMFO[[#This Row],[PRIX UNITAIRE]]) -> 80000 | G46: =+SUM(E$9:$E46)-SUM(F$9:$F46) -> 19770800
A47: 45702 | B47: ESPECE | E47: =+$I$2+(SAMFO[[#This Row],[QUANTITE]]*SAMFO[[#This Row],[PRIX UNITAIRE]]) -> 0 | F47: 2443000 | G47: =+SUM(E$9:$E47)-SUM(F$9:$F47) -> 17327800
A48: 45702 | B48: PNEU 315/80R22,5 BLACK RIDER | C48: 3 | D48: 105000 | E48: =+$I$2+(SAMFO[[#This Row],[QUANTITE]]*SAMFO[[#This Row],[PRIX UNITAIRE]]) -> 315000 | G48: =+SUM(E$9:$E48)-SUM(F$9:$F48) -> 17642800
A49: 45702 | B49: PNEU 315/80R22,5 BLACK RIDER | C49: 4 | D49: 105000 | E49: =+$I$2+(SAMFO[[#This Row],[QUANTITE]]*SAMFO[[#This Row],[PRIX UNITAIRE]]) -> 420000 | G49: =+SUM(E$9:$E49)-SUM(F$9:$F49) -> 18062800
A50: 45707 | B50: PNEU 750R16 TRANSMATE | C50: 4 | D50: 62000 | E50: =+$I$2+(SAMFO[[#This Row],[QUANTITE]]*SAMFO[[#This Row],[PRIX UNITAIRE]]) -> 248000 | G50: =+SUM(E$9:$E50)-SUM(F$9:$F50) -> 18310800
A51: 45708 | B51: BATTERIE 90AH VISCA | C51: 2 | D51: 45000 | E51: =+$I$2+(SAMFO[[#This Row],[QUANTITE]]*SAMFO[[#This Row],[PRIX UNITAIRE]]) -> 90000 | G51: =+SUM(E$9:$E51)-SUM(F$9:$F51) -> 18400800
A52: 45710 | B52: ESPECE | E52: =+$I$2+(SAMFO[[#This Row],[QUANTITE]]*SAMFO[[#This Row],[PRIX UNITAIRE]]) -> 0 | F52: 1811000 | G52: =+SUM(E$9:$E52)-SUM(F$9:$F52) -> 16589800
A53: 45712 | B53: PNEU 9,5R17,5 | C53: 3 | D53: 68000 | E53: =+$I$2+(SAMFO[[#This Row],[QUANTITE]]*SAMFO[[#This Row],[PRIX UNITAIRE]]) -> 204000 | G53: =+SUM(E$9:$E53)-SUM(F$9:$F53) -> 16793800
A54: 45717 | B54: ESPECE | E54: =+$I$2+(SAMFO[[#This Row],[QUANTITE]]*SAMFO[[#This Row],[PRIX UNITAIRE]]) -> 0 | F54: 1032000 | G54: =+SUM(E$9:$E54)-SUM(F$9:$F54) -> 15761800
A55: 45717 | B55: BARIQUE SAE 50 200L | C55: 1 | D55: 330000 | E55: =+$I$2+(SAMFO[[#This Row],[QUANTITE]]*SAMFO[[#This Row],[PRIX UNITAIRE]]) -> 330000 | G55: =+SUM(E$9:$E55)-SUM(F$9:$F55) -> 16091800
A56: 45722 | B56: BATTERIE 70 AH CONTINENTAL | C56: 4 | D56: 40000 | E56: =+$I$2+(SAMFO[[#This Row],[QUANTITE]]*SAMFO[[#This Row],[PRIX UNITAIRE]]) -> 160000 | G56: =+SUM(E$9:$E56)-SUM(F$9:$F56) -> 16251800
A57: 45722 | B57: PNEU 235/75R17.5 | C57: 4 | D57: 32500 | E57: =+$I$2+(SAMFO[[#This Row],[QUANTITE]]*SAMFO[[#This Row],[PRIX UNITAIRE]]) -> 130000 | G57: =+SUM(E$9:$E57)-SUM(F$9:$F57) -> 16381800
A58: 45722 | B58: PNEU 750/16 BLACKRIDER | C58: 4 | D58: 80000 | E58: =+$I$2+(SAMFO[[#This Row],[QUANTITE]]*SAMFO[[#This Row],[PRIX UNITAIRE]]) -> 320000 | G58: =+SUM(E$9:$E58)-SUM(F$9:$F58) -> 16701800
A59: 45724 | B59: ESPECE | E59: =+$I$2+(SAMFO[[#This Row],[QUANTITE]]*SAMFO[[#This Row],[PRIX UNITAIRE]]) -> 0 | F59: 1525000 | G59: =+SUM(E$9:$E59)-SUM(F$9:$F59) -> 15176800
A60: 45724 | B60: PNEU 235/75R17.5 TAITONG | C60: 4 | D60: 32500 | E60: =+$I$2+(SAMFO[[#This Row],[QUANTITE]]*SAMFO[[#This Row],[PRIX UNITAIRE]]) -> 130000 | G60: =+SUM(E$9:$E60)-SUM(F$9:$F60) -> 15306800
A61: 45724 | B61: BATTERIE 100 AH BEYONIX | C61: 2 | D61: 40000 | E61: =+$I$2+(SAMFO[[#This Row],[QUANTITE]]*SAMFO[[#This Row],[PRIX UNITAIRE]]) -> 80000 | G61: =+SUM(E$9:$E61)-SUM(F$9:$F61) -> 15386800
A62: 45727 | B62: ESPECE | E62: =+$I$2+(SAMFO[[#This Row],[QUANTITE]]*SAMFO[[#This Row],[PRIX UNITAIRE]]) -> 0 | F62: 320000 | G62: =+SUM(E$9:$E62)-SUM(F$9:$F62) -> 15066800
A63: 45727 | B63: PNEU 235/75R17.5 | C63: 2 | D63: 32500 | E63: =+$I$2+(SAMFO[[#This Row],[QUANTITE]]*SAMFO[[#This Row],[PRIX UNITAIRE]]) -> 65000 | G63: =+SUM(E$9:$E63)-SUM(F$9:$F63) -> 15131800
A64: 45731 | B64: ESPECE | E64: =+$I$2+(SAMFO[[#This Row],[QUANTITE]]*SAMFO[[#This Row],[PRIX UNITAIRE]]) -> 0 | F64: 172000 | G64: =+SUM(E$9:$E64)-SUM(F$9:$F64) -> 14959800
A65: 45734 | B65: ESPECE | E65: =+$I$2+(SAMFO[[#This Row],[QUANTITE]]*SAMFO[[#This Row],[PRIX UNITAIRE]]) -> 0 | F65: 700000 | G65: =+SUM(E$9:$E65)-SUM(F$9:$F65) -> 14259800
A66: 45738 | B66: ESPECE | E66: =+$I$2+(SAMFO[[#This Row],[QUANTITE]]*SAMFO[[#This Row],[PRIX UNITAIRE]]) -> 0 | F66: 786000 | G66: =+SUM(E$9:$E66)-SUM(F$9:$F66) -> 13473800
A67: 45740 | B67: BATTERIE 100 AH ESAN | C67: 4 | D67: 35000 | E67: =+$I$2+(SAMFO[[#This Row],[QUANTITE]]*SAMFO[[#This Row],[PRIX UNITAIRE]]) -> 140000 | G67: =+SUM(E$9:$E67)-SUM(F$9:$F67) -> 13613800
A68: 45741 | B68: PNEU 195/65R15 GLEDE | C68: 8 | D68: 28000 | E68: =+$I$2+(SAMFO[[#This Row],[QUANTITE]]*SAMFO[[#This Row],[PRIX UNITAIRE]]) -> 224000 | G68: =+SUM(E$9:$E68)-SUM(F$9:$F68) -> 13837800
A69: 45741 | B69: BATTERIE 100 AH ESAN | C69: 2 | D69: 35000 | E69: =+$I$2+(SAMFO[[#This Row],[QUANTITE]]*SAMFO[[#This Row],[PRIX UNITAIRE]]) -> 70000 | G69: =+SUM(E$9:$E69)-SUM(F$9:$F69) -> 13907800
A70: 45744 | B70: BATTERIE 90 AH ESAN | C70: 2 | D70: 30000 | E70: =+$I$2+(SAMFO[[#This Row],[QUANTITE]]*SAMFO[[#This Row],[PRIX UNITAIRE]]) -> 60000 | G70: =+SUM(E$9:$E70)-SUM(F$9:$F70) -> 13967800
A71: 45744 | B71: COURROIE 6PK 2060 | C71: 4 | D71: 8616 | E71: =+$I$2+(SAMFO[[#This Row],[QUANTITE]]*SAMFO[[#This Row],[PRIX UNITAIRE]]) -> 34464 | G71: =+SUM(E$9:$E71)-SUM(F$9:$F71) -> 14002264
A72: 45744 | B72: COUUROIE 6PK2160 | C72: 4 | D72: 10165 | E72: =+$I$2+(SAMFO[[#This Row],[QUANTITE]]*SAMFO[[#This Row],[PRIX UNITAIRE]]) -> 40660 | G72: =+SUM(E$9:$E72)-SUM(F$9:$F72) -> 14042924
A73: 45744 | B73: COURROIE 6PK2120 | C73: 4 | D73: 8812 | E73: =+$I$2+(SAMFO[[#This Row],[QUANTITE]]*SAMFO[[#This Row],[PRIX UNITAIRE]]) -> 35248 | G73: =+SUM(E$9:$E73)-SUM(F$9:$F73) -> 14078172
A74: 45744 | B74: COURROIE 6PK 1020 | C74: 4 | D74: 6003 | E74: =+$I$2+(SAMFO[[#This Row],[QUANTITE]]*SAMFO[[#This Row],[PRIX UNITAIRE]]) -> 24012 | G74: =+SUM(E$9:$E74)-SUM(F$9:$F74) -> 14102184
A75: 45744 | B75: COURROIE 6PK1030 | C75: 1 | D75: 7584 | E75: =+$I$2+(SAMFO[[#This Row],[QUANTITE]]*SAMFO[[#This Row],[PRIX UNITAIRE]]) -> 7584 | G75: =+SUM(E$9:$E75)-SUM(F$9:$F75) -> 14109768
A76: 45744 | B76: COURROIE 6PK1815 | C76: 4 | D76: 7056 | E76: =+$I$2+(SAMFO[[#This Row],[QUANTITE]]*SAMFO[[#This Row],[PRIX UNITAIRE]]) -> 28224 | G76: =+SUM(E$9:$E76)-SUM(F$9:$F76) -> 14137992
A77: 45744 | B77: COURROIE 6PK1870 | C77: 4 | D77: 7619 | E77: =+$I$2+(SAMFO[[#This Row],[QUANTITE]]*SAMFO[[#This Row],[PRIX UNITAIRE]]) -> 30476 | G77: =+SUM(E$9:$E77)-SUM(F$9:$F77) -> 14168468
A78: 45744 | B78: COURROIE 6PK1705 | C78: 4 | D78: 10657 | E78: =+$I$2+(SAMFO[[#This Row],[QUANTITE]]*SAMFO[[#This Row],[PRIX UNITAIRE]]) -> 42628 | G78: =+SUM(E$9:$E78)-SUM(F$9:$F78) -> 14211096
... A87: 45744 | B87: COURROIE DIST140D | C87: 4 | D87: 35497 | E87: =+$I$2+(SAMFO[[#This Row],[QUANTITE]]*SAMFO[[#This Row],[PRIX UNITAIRE]]) -> 141988 | G87: =+SUM(E$9:$E87)-SUM(F$9:$F87) -> 14655624
A88: 45745 | B88: ESPECE | E88: =+$I$2+(SAMFO[[#This Row],[QUANTITE]]*SAMFO[[#This Row],[PRIX UNITAIRE]]) -> 0 | F88: 790000 | G88: =+SUM(E$9:$E88)-SUM(F$9:$F88) -> 13865624
A89: 45750 | B89: PNEU 215/70R16 | C89: 4 | D89: 32500 | E89: =+$I$2+(SAMFO[[#This Row],[QUANTITE]]*SAMFO[[#This Row],[PRIX UNITAIRE]]) -> 130000 | G89: =+SUM(E$9:$E89)-SUM(F$9:$F89) -> 13995624
A90: 45751 | B90: PNEU 315/80R22.5 | C90: 4 | D90: 105000 | E90: =+$I$2+(SAMFO[[#This Row],[QUANTITE]]*SAMFO[[#This Row],[PRIX UNITAIRE]]) -> 420000 | G90: =+SUM(E$9:$E90)-SUM(F$9:$F90) -> 14415624
A91: 45751 | B91: PNEU 385/65R22.5 | C91: 4 | D91: 128000 | E91: =+$I$2+(SAMFO[[#This Row],[QUANTITE]]*SAMFO[[#This Row],[PRIX UNITAIRE]]) -> 512000 | G91: =+SUM(E$9:$E91)-SUM(F$9:$F91) -> 14927624
A92: 45752 | B92: ESPECE | E92: =+$I$2+(SAMFO[[#This Row],[QUANTITE]]*SAMFO[[#This Row],[PRIX UNITAIRE]]) -> 0 | F92: 280000 | G92: =+SUM(E$9:$E92)-SUM(F$9:$F92) -> 14647624
A93: 45752 | B93: ¨NEU 215/60R17 GLEDE | C93: 2 | D93: 30000 | E93: =+$I$2+(SAMFO[[#This Row],[QUANTITE]]*SAMFO[[#This Row],[PRIX UNITAIRE]]) -> 60000 | G93: =+SUM(E$9:$E93)-SUM(F$9:$F93) -> 14707624
A94: 45756 | B94: ESPECE | E94: =+$I$2+(SAMFO[[#This Row],[QUANTITE]]*SAMFO[[#This Row],[PRIX UNITAIRE]]) -> 0 | F94: 450000 | G94: =+SUM(E$9:$E94)-SUM(F$9:$F94) -> 14257624
A95: 45759 | B95: ESPECE | E95: =+$I$2+(SAMFO[[#This Row],[QUANTITE]]*SAMFO[[#This Row],[PRIX UNITAIRE]]) -> 0 | F95: 146000 | G95: =+SUM(E$9:$E95)-SUM(F$9:$F95) -> 14111624
A96: 45763 | B96: PNEU 195R15C | C96: 4 | D96: 25000 | E96: =+$I$2+(SAMFO[[#This Row],[QUANTITE]]*SAMFO[[#This Row],[PRIX UNITAIRE]]) -> 100000 | G96: =+SUM(E$9:$E96)-SUM(F$9:$F96) -> 14211624
A97: 45763 | B97: BATTERIE 70 AH CONTINENTAL | C97: 2 | D97: 40000 | E97: =+$I$2+(SAMFO[[#This Row],[QUANTITE]]*SAMFO[[#This Row],[PRIX UNITAIRE]]) -> 80000 | G97: =+SUM(E$9:$E97)-SUM(F$9:$F97) -> 14291624
A98: 45766 | B98: ESPECE | E98: =+$I$2+(SAMFO[[#This Row],[QUANTITE]]*SAMFO[[#This Row],[PRIX UNITAIRE]]) -> 0 | F98: 1041000 | G98: =+SUM(E$9:$E98)-SUM(F$9:$F98) -> 13250624
A99: 45768 | B99: PNEU 315/80R22.5 BLACKRIDER | C99: 3 | D99: 105000 | E99: =+$I$2+(SAMFO[[#This Row],[QUANTITE]]*SAMFO[[#This Row],[PRIX UNITAIRE]]) -> 315000 | G99: =+SUM(E$9:$E99)-SUM(F$9:$F99) -> 13565624
A100: 45768 | B100: BATTERIE 170 ALMA | C100: 4 | D100: 85000 | E100: =+$I$2+(SAMFO[[#This Row],[QUANTITE]]*SAMFO[[#This Row],[PRIX UNITAIRE]]) -> 340000 | G100: =+SUM(E$9:$E100)-SUM(F$9:$F100) -> 13905624
A101: 45769 | B101: ESPECE | E101: =+$I$2+(SAMFO[[#This Row],[QUANTITE]]*SAMFO[[#This Row],[PRIX UNITAIRE]]) -> 0 | F101: 230000 | G101: =+SUM(E$9:$E101)-SUM(F$9:$F101) -> 13675624
A102: 45773 | B102: PNEU 195/65R15 GLEDE | C102: 10 | D102: 28000 | E102: =+$I$2+(SAMFO[[#This Row],[QUANTITE]]*SAMFO[[#This Row],[PRIX UNITAIRE]]) -> 280000 | G102: =+SUM(E$9:$E102)-SUM(F$9:$F102) -> 13955624
A103: 45773 | B103: PNEU 235/65R17 GLEDE | C103: 6 | D103: 32500 | E103: =+$I$2+(SAMFO[[#This Row],[QUANTITE]]*SAMFO[[#This Row],[PRIX UNITAIRE]]) -> 195000 | G103: =+SUM(E$9:$E103)-SUM(F$9:$F103) -> 14150624
A104: 45773 | B104: ESPECE | E104: =+$I$2+(SAMFO[[#This Row],[QUANTITE]]*SAMFO[[#This Row],[PRIX UNITAIRE]]) -> 0 | F104: 268500 | G104: =+SUM(E$9:$E104)-SUM(F$9:$F104) -> 13882124
A105: 45780 | B105: ESPECE | E105: =+$I$2+(SAMFO[[#This Row],[QUANTITE]]*SAMFO[[#This Row],[PRIX UNITAIRE]]) -> 0 | F105: 559000 | G105: =+SUM(E$9:$E105)-SUM(F$9:$F105) -> 13323124
A106: 45782 | B106: BATTERIE 75 ESAN | C106: 4 | D106: 24000 | E106: =+$I$2+(SAMFO[[#This Row],[QUANTITE]]*SAMFO[[#This Row],[PRIX UNITAIRE]]) -> 96000 | G106: =+SUM(E$9:$E106)-SUM(F$9:$F106) -> 13419124
A107: 45782 | B107: BATTERIE 120 AH WHILL | C107: 2 | D107: 65000 | E107: =+$I$2+(SAMFO[[#This Row],[QUANTITE]]*SAMFO[[#This Row],[PRIX UNITAIRE]]) -> 130000 | G107: =+SUM(E$9:$E107)-SUM(F$9:$F107) -> 13549124
A108: 45782 | B108: BATTERIE 150 AH WHILL | C108: 2 | D108: 70000 | E108: =+$I$2+(SAMFO[[#This Row],[QUANTITE]]*SAMFO[[#This Row],[PRIX UNITAIRE]]) -> 140000 | G108: =+SUM(E$9:$E108)-SUM(F$9:$F108) -> 13689124
A109: 45782 | B109: PNEU 22550R17 GLEDE | C109: 4 | D109: 32000 | E109: =+$I$2+(SAMFO[[#This Row],[QUANTITE]]*SAMFO[[#This Row],[PRIX UNITAIRE]]) -> 128000 | G109: =+SUM(E$9:$E109)-SUM(F$9:$F109) -> 13817124
A110: 45786 | B110: BATTERIE 150 AH WHILL | C110: 6 | D110: 70000 | E110: =+$I$2+(SAMFO[[#This Row],[QUANTITE]]*SAMFO[[#This Row],[PRIX UNITAIRE]]) -> 420000 | G110: =+SUM(E$9:$E110)-SUM(F$9:$F110) -> 14237124
...

Sheet FBD
I2: 0
D3: ANNEE | E3: CHIFFRE AFFAIRE | F3: TOTAL VERSEMENT | G3: SOLDE
D4: BILAN | E4: =+SUM(FBD[TOTAL MONTANT]) -> 194226350 | F4: =+SUM(FBD[VERSEMENT]) -> 160676000 | G4: =+E4-F4 -> 33550350
B5: NOM CLIENT
B6: FBD
A8: DATE | B8: DESIGNATION | C8: QUANTITE | D8: PRIX UNITAIRE | E8: TOTAL MONTANT | F8: VERSEMENT | G8: SOLDE
A9: 45641 | B9: INVENTAIRE | C9: 1 | D9: 15294000 | E9: =+$I$2+(FBD[[#This Row],[QUANTITE]]*FBD[[#This Row],[PRIX UNITAIRE]]) -> 15294000 | G9: =+SUM(E$9:$E9)-SUM(F$9:$F9) -> 15294000
A10: 45645 | B10: BIDON D'HUILE 15W40 20L | C10: 4 | D10: 33000 | E10: =+$I$2+(FBD[[#This Row],[QUANTITE]]*FBD[[#This Row],[PRIX UNITAIRE]]) -> 132000 | G10: =+SUM(E$9:$E10)-SUM(F$9:$F10) -> 15426000
A11: 45646 | B11: BARRIQUE DE GRAISSE | C11: 1 | D11: 33000 | E11: =+$I$2+(FBD[[#This Row],[QUANTITE]]*FBD[[#This Row],[PRIX UNITAIRE]]) -> 33000 | G11: =+SUM(E$9:$E11)-SUM(F$9:$F11) -> 15459000
A12: 45646 | B12: PNEU 13R22.5 | C12: 4 | D12: 128000 | E12: =+$I$2+(FBD[[#This Row],[QUANTITE]]*FBD[[#This Row],[PRIX UNITAIRE]]) -> 512000 | G12: =+SUM(E$9:$E12)-SUM(F$9:$F12) -> 15971000
A13: 45646 | B13: PNEU 9.5R17.5 | C13: 4 | D13: 50000 | E13: =+$I$2+(FBD[[#This Row],[QUANTITE]]*FBD[[#This Row],[PRIX UNITAIRE]]) -> 200000 | G13: =+SUM(E$9:$E13)-SUM(F$9:$F13) -> 16171000
A14: 45646 | B14: PNEU 315/80R22.5 GD | C14: 2 | D14: 105000 | E14: =+$I$2+(FBD[[#This Row],[QUANTITE]]*FBD[[#This Row],[PRIX UNITAIRE]]) -> 210000 | G14: =+SUM(E$9:$E14)-SUM(F$9:$F14) -> 16381000
A15: 45646 | B15: PNEU 7.50R16 | C15: 2 | D15: 70000 | E15: =+$I$2+(FBD[[#This Row],[QUANTITE]]*FBD[[#This Row],[PRIX UNITAIRE]]) -> 140000 | G15: =+SUM(E$9:$E15)-SUM(F$9:$F15) -> 16521000
A16: 45650 | B16: PNEU 13R22.5 GD | C16: 8 | D16: 128000 | E16: =+$I$2+(FBD[[#This Row],[QUANTITE]]*FBD[[#This Row],[PRIX UNITAIRE]]) -> 1024000 | G16: =+SUM(E$9:$E16)-SUM(F$9:$F16) -> 17545000
A17: 45650 | B17: CRIC 50T | C17: 4 | D17: 25000 | E17: =+$I$2+(FBD[[#This Row],[QUANTITE]]*FBD[[#This Row],[PRIX UNITAIRE]]) -> 100000 | G17: =+SUM(E$9:$E17)-SUM(F$9:$F17) -> 17645000
A18: 45650 | B18: BATTERIE 75AH ESAN | C18: 4 | D18: 23500 | E18: =+$I$2+(FBD[[#This Row],[QUANTITE]]*FBD[[#This Row],[PRIX UNITAIRE]]) -> 94000 | G18: =+SUM(E$9:$E18)-SUM(F$9:$F18) -> 17739000
A19: 45653 | B19: PNEU 315/80R22.5 ZEXTOUR | C19: 6 | D19: 95000 | E19: =+$I$2+(FBD[[#This Row],[QUANTITE]]*FBD[[#This Row],[PRIX UNITAIRE]]) -> 570000 | G19: =+SUM(E$9:$E19)-SUM(F$9:$F19) -> 18309000
A20: 45654 | B20: ESPECE | E20: =+$I$2+(FBD[[#This Row],[QUANTITE]]*FBD[[#This Row],[PRIX UNITAIRE]]) -> 0 | F20: 582000 | G20: =+SUM(E$9:$E20)-SUM(F$9:$F20) -> 17727000
A21: 45656 | B21: PNEU TRANSMATE 155/70R13 | C21: 2 | D21: 22000 | E21: =+$I$2+(FBD[[#This Row],[QUANTITE]]*FBD[[#This Row],[PRIX UNITAIRE]]) -> 44000 | G21: =+SUM(E$9:$E21)-SUM(F$9:$F21) -> 17771000
A22: 45656 | B22: FILTRE A HUILE 15600-41010 | C22: 4 | D22: 5000 | E22: =+$I$2+(FBD[[#This Row],[QUANTITE]]*FBD[[#This Row],[PRIX UNITAIRE]]) -> 20000 | G22: =+SUM(E$9:$E22)-SUM(F$9:$F22) -> 17791000
A23: 45660 | B23: ESPECE | E23: =+$I$2+(FBD[[#This Row],[QUANTITE]]*FBD[[#This Row],[PRIX UNITAIRE]]) -> 0 | F23: 1046000 | G23: =+SUM(E$9:$E23)-SUM(F$9:$F23) -> 16745000
A24: 45664 | B24: CHEQUE | E24: =+$I$2+(FBD[[#This Row],[QUANTITE]]*FBD[[#This Row],[PRIX UNITAIRE]]) -> 0 | F24: 1100000 | G24: =+SUM(E$9:$E24)-SUM(F$9:$F24) -> 15645000
A25: 45664 | B25: PNEU 315/80R22,5 | C25: 12 | D25: 95000 | E25: =+$I$2+(FBD[[#This Row],[QUANTITE]]*FBD[[#This Row],[PRIX UNITAIRE]]) -> 1140000 | G25: =+SUM(E$9:$E25)-SUM(F$9:$F25) -> 16785000
A26: 45664 | B26: PNEU 13R22,5 MIXTE | C26: 2 | D26: 120000 | E26: =+$I$2+(FBD[[#This Row],[QUANTITE]]*FBD[[#This Row],[PRIX UNITAIRE]]) -> 240000 | G26: =+SUM(E$9:$E26)-SUM(F$9:$F26) -> 17025000
A27: 45664 | B27: PNEU 175/70R14 | C27: 4 | D27: 20000 | E27: =+$I$2+(FBD[[#This Row],[QUANTITE]]*FBD[[#This Row],[PRIX UNITAIRE]]) -> 80000 | G27: =+SUM(E$9:$E27)-SUM(F$9:$F27) -> 17105000
A28: 45664 | B28: BATTERIE 100AH ESAN | C28: 2 | D28: 40000 | E28: =+$I$2+(FBD[[#This Row],[QUANTITE]]*FBD[[#This Row],[PRIX UNITAIRE]]) -> 80000 | G28: =+SUM(E$9:$E28)-SUM(F$9:$F28) -> 17185000
A29: 45664 | B29: PNEU 235/75R17,5 | C29: 4 | D29: 45000 | E29: =+$I$2+(FBD[[#This Row],[QUANTITE]]*FBD[[#This Row],[PRIX UNITAIRE]]) -> 180000 | G29: =+SUM(E$9:$E29)-SUM(F$9:$F29) -> 17365000
A30: 45665 | B30: HUILE DE FREIN STOP | C30: 10 | D30: 3500 | E30: =+$I$2+(FBD[[#This Row],[QUANTITE]]*FBD[[#This Row],[PRIX UNITAIRE]]) -> 35000 | G30: =+SUM(E$9:$E30)-SUM(F$9:$F30) -> 17400000
A31: 45666 | B31: BLACKRIDER 315/80R22,5 | C31: 5 | D31: 95000 | E31: =+$I$2+(FBD[[#This Row],[QUANTITE]]*FBD[[#This Row],[PRIX UNITAIRE]]) -> 475000 | G31: =+SUM(E$9:$E31)-SUM(F$9:$F31) -> 17875000
A32: 45668 | B32: ESPECE | E32: =+$I$2+(FBD[[#This Row],[QUANTITE]]*FBD[[#This Row],[PRIX UNITAIRE]]) -> 0 | F32: 3637500 | G32: =+SUM(E$9:$E32)-SUM(F$9:$F32) -> 14237500
A33: 45668 | B33: CHEQUE | E33: =+$I$2+(FBD[[#This Row],[QUANTITE]]*FBD[[#This Row],[PRIX UNITAIRE]]) -> 0 | F33: 720000 | G33: =+SUM(E$9:$E33)-SUM(F$9:$F33) -> 13517500
A34: 45670 | B34: PNEU 225/75R16C | C34: 2 | D34: 40000 | E34: =+$I$2+(FBD[[#This Row],[QUANTITE]]*FBD[[#This Row],[PRIX UNITAIRE]]) -> 80000 | G34: =+SUM(E$9:$E34)-SUM(F$9:$F34) -> 13597500
A35: 45672 | B35: BATTERIE 75AH ESAN | C35: 10 | D35: 23500 | E35: =+$I$2+(FBD[[#This Row],[QUANTITE]]*FBD[[#This Row],[PRIX UNITAIRE]]) -> 235000 | G35: =+SUM(E$9:$E35)-SUM(F$9:$F35) -> 13832500
A36: 45672 | B36: BATTERIE 150AH | C36: 4 | D36: 65000 | E36: =+$I$2+(FBD[[#This Row],[QUANTITE]]*FBD[[#This Row],[PRIX UNITAIRE]]) -> 260000 | G36: =+SUM(E$9:$E36)-SUM(F$9:$F36) -> 14092500
A37: 45672 | B37: PNEU 315/80R22,5 MIXTE | C37: 4 | D37: 95000 | E37: =+$I$2+(FBD[[#This Row],[QUANTITE]]*FBD[[#This Row],[PRIX UNITAIRE]]) -> 380000 | G37: =+SUM(E$9:$E37)-SUM(F$9:$F37) -> 14472500
A38: 45672 | B38: PNEU 315/80R22,5 PD | C38: 1 | D38: 107500 | E38: =+$I$2+(FBD[[#This Row],[QUANTITE]]*FBD[[#This Row],[PRIX UNITAIRE]]) -> 107500 | G38: =+SUM(E$9:$E38)-SUM(F$9:$F38) -> 14580000
A39: 45672 | B39: BATTERIE 200AH | C39: 4 | D39: 80000 | E39: =+$I$2+(FBD[[#This Row],[QUANTITE]]*FBD[[#This Row],[PRIX UNITAIRE]]) -> 320000 | G39: =+SUM(E$9:$E39)-SUM(F$9:$F39) -> 14900000
A40: 45672 | B40: BATTERIE 180AH | C40: 2 | D40: 65000 | E40: =+$I$2+(FBD[[#This Row],[QUANTITE]]*FBD[[#This Row],[PRIX UNITAIRE]]) -> 130000 | G40: =+SUM(E$9:$E40)-SUM(F$9:$F40) -> 15030000
A41: 45674 | B41: ESPECE | E41: =+$I$2+(FBD[[#This Row],[QUANTITE]]*FBD[[#This Row],[PRIX UNITAIRE]]) -> 0 | F41: 1755000 | G41: =+SUM(E$9:$E41)-SUM(F$9:$F41) -> 13275000
A42: 45678 | B42: PNEU 315/80R22,5 BLACKRIDER | C42: 4 | D42: 105000 | E42: =+$I$2+(FBD[[#This Row],[QUANTITE]]*FBD[[#This Row],[PRIX UNITAIRE]]) -> 420000 | G42: =+SUM(E$9:$E42)-SUM(F$9:$F42) -> 13695000
A43: 45678 | B43: PNEU 9.5R17,5 TAITONG | C43: 2 | D43: 75000 | E43: =+$I$2+(FBD[[#This Row],[QUANTITE]]*FBD[[#This Row],[PRIX UNITAIRE]]) -> 150000 | G43: =+SUM(E$9:$E43)-SUM(F$9:$F43) -> 13845000
A44: 45678 | B44: PNEU 7.50R16 PD TAITONG | C44: 2 | D44: 55000 | E44: =+$I$2+(FBD[[#This Row],[QUANTITE]]*FBD[[#This Row],[PRIX UNITAIRE]]) -> 110000 | G44: =+SUM(E$9:$E44)-SUM(F$9:$F44) -> 13955000
A45: 45678 | B45: PNEU 13R22,5 KAPSEN MXTE | C45: 2 | D45: 128000 | E45: =+$I$2+(FBD[[#This Row],[QUANTITE]]*FBD[[#This Row],[PRIX UNITAIRE]]) -> 256000 | G45: =+SUM(E$9:$E45)-SUM(F$9:$F45) -> 14211000
A46: 45678 | B46: HUILE MOTEUR 15W40 SAIBOT 20L | C46: 3 | D46: 22000 | E46: =+$I$2+(FBD[[#This Row],[QUANTITE]]*FBD[[#This Row],[PRIX UNITAIRE]]) -> 66000 | G46: =+SUM(E$9:$E46)-SUM(F$9:$F46) -> 14277000
A47: 45678 | B47: HUILE APEX 68 HYDRAULIQUE | C47: 6 | D47: 40000 | E47: =+$I$2+(FBD[[#This Row],[QUANTITE]]*FBD[[#This Row],[PRIX UNITAIRE]]) -> 240000 | G47: =+SUM(E$9:$E47)-SUM(F$9:$F47) -> 14517000
A48: 45678 | B48: PNEU 385/65R22,5 BLACKRIDER | C48: 1 | D48: 128000 | E48: =+$I$2+(FBD[[#This Row],[QUANTITE]]*FBD[[#This Row],[PRIX UNITAIRE]]) -> 128000 | G48: =+SUM(E$9:$E48)-SUM(F$9:$F48) -> 14645000
A49: 45679 | B49: BARIQUE HUILE SAE 50 200L | C49: 2 | D49: 300000 | E49: =+$I$2+(FBD[[#This Row],[QUANTITE]]*FBD[[#This Row],[PRIX UNITAIRE]]) -> 600000 | G49: =+SUM(E$9:$E49)-SUM(F$9:$F49) -> 15245000
A50: 45681 | B50: PNEU 315/80R22,5 BLACKRIDER | C50: 20 | D50: 105000 | E50: =+$I$2+(FBD[[#This Row],[QUANTITE]]*FBD[[#This Row],[PRIX UNITAIRE]]) -> 2100000 | G50: =+SUM(E$9:$E50)-SUM(F$9:$F50) -> 17345000
A51: 45681 | B51: BARIQUE HUILE SAE 50 200L | C51: 2 | D51: 300000 | E51: =+$I$2+(FBD[[#This Row],[QUANTITE]]*FBD[[#This Row],[PRIX UNITAIRE]]) -> 600000 | G51: =+SUM(E$9:$E51)-SUM(F$9:$F51) -> 17945000
A52: 45681 | B52: BARIQUE DE GRAISSE EP-3 180KG | C52: 1 | D52: 380000 | E52: =+$I$2+(FBD[[#This Row],[QUANTITE]]*FBD[[#This Row],[PRIX UNITAIRE]]) -> 380000 | G52: =+SUM(E$9:$E52)-SUM(F$9:$F52) -> 18325000
A53: 45682 | B53: ESPECE | E53: =+$I$2+(FBD[[#This Row],[QUANTITE]]*FBD[[#This Row],[PRIX UNITAIRE]]) -> 0 | F53: 3590000 | G53: =+SUM(E$9:$E53)-SUM(F$9:$F53) -> 14735000
A54: 45682 | B54: CHEQUE | E54: =+$I$2+(FBD[[#This Row],[QUANTITE]]*FBD[[#This Row],[PRIX UNITAIRE]]) -> 0 | F54: 300000 | G54: =+SUM(E$9:$E54)-SUM(F$9:$F54) -> 14435000
A55: 45682 | B55: PNEU 385/65R22,5 LONGTRACK | C55: 2 | D55: 128000 | E55: =+$I$2+(FBD[[#This Row],[QUANTITE]]*FBD[[#This Row],[PRIX UNITAIRE]]) -> 256000 | G55: =+SUM(E$9:$E55)-SUM(F$9:$F55) -> 14691000
A56: 45685 | B56: BATTERIE 200AH TACOMA | C56: 1 | D56: 95000 | E56: =+$I$2+(FBD[[#This Row],[QUANTITE]]*FBD[[#This Row],[PRIX UNITAIRE]]) -> 95000 | G56: =+SUM(E$9:$E56)-SUM(F$9:$F56) -> 14786000
A57: 45685 | B57: BATTERIE 150AH ESAN | C57: 2 | D57: 65000 | E57: =+$I$2+(FBD[[#This Row],[QUANTITE]]*FBD[[#This Row],[PRIX UNITAIRE]]) -> 130000 | G57: =+SUM(E$9:$E57)-SUM(F$9:$F57) -> 14916000
A58: 45685 | B58: BATTERIE 100AH CONTINENTAL | C58: 9 | D58: 65000 | E58: =+$I$2+(FBD[[#This Row],[QUANTITE]]*FBD[[#This Row],[PRIX UNITAIRE]]) -> 585000 | G58: =+SUM(E$9:$E58)-SUM(F$9:$F58) -> 15501000
A59: 45685 | B59: BATTERIE 75AH CONTINENTAL | C59: 5 | D59: 45000 | E59: =+$I$2+(FBD[[#This Row],[QUANTITE]]*FBD[[#This Row],[PRIX UNITAIRE]]) -> 225000 | G59: =+SUM(E$9:$E59)-SUM(F$9:$F59) -> 15726000
A60: 45685 | B60: PNEU 315/80R22,5 BLACKRIDER | C60: 4 | D60: 105000 | E60: =+$I$2+(FBD[[#This Row],[QUANTITE]]*FBD[[#This Row],[PRIX UNITAIRE]]) -> 420000 | G60: =+SUM(E$9:$E60)-SUM(F$9:$F60) -> 16146000
A61: 45685 | B61: PNEU 13R22,5 MIXTE | C61: 2 | D61: 128000 | E61: =+$I$2+(FBD[[#This Row],[QUANTITE]]*FBD[[#This Row],[PRIX UNITAIRE]]) -> 256000 | G61: =+SUM(E$9:$E61)-SUM(F$9:$F61) -> 16402000
A62: 45685 | B62: HUILE DE FREIN | C62: 5 | D62: 3500 | E62: =+$I$2+(FBD[[#This Row],[QUANTITE]]*FBD[[#This Row],[PRIX UNITAIRE]]) -> 17500 | G62: =+SUM(E$9:$E62)-SUM(F$9:$F62) -> 16419500
A63: 45685 | B63: PNEU 385/65R22,5 | C63: 1 | D63: 128000 | E63: =+$I$2+(FBD[[#This Row],[QUANTITE]]*FBD[[#This Row],[PRIX UNITAIRE]]) -> 128000 | G63: =+SUM(E$9:$E63)-SUM(F$9:$F63) -> 16547500
A64: 45687 | B64: BARIQUE D'HUILE HYDRAULIQUE 200L | C64: 2 | D64: 330000 | E64: =+$I$2+(FBD[[#This Row],[QUANTITE]]*FBD[[#This Row],[PRIX UNITAIRE]]) -> 660000 | G64: =+SUM(E$9:$E64)-SUM(F$9:$F64) -> 17207500
A65: 45687 | B65: BARIQUE HUILE SAE 50 200L | C65: 2 | D65: 320000 | E65: =+$I$2+(FBD[[#This Row],[QUANTITE]]*FBD[[#This Row],[PRIX UNITAIRE]]) -> 640000 | G65: =+SUM(E$9:$E65)-SUM(F$9:$F65) -> 17847500
A66: 45687 | B66: BIDON D'HUILE 68 20L | C66: 20 | D66: 33000 | E66: =+$I$2+(FBD[[#This Row],[QUANTITE]]*FBD[[#This Row],[PRIX UNITAIRE]]) -> 660000 | G66: =+SUM(E$9:$E66)-SUM(F$9:$F66) -> 18507500
A67: 45687 | B67: HUILE 15W40 20L | C67: 10 | D67: 33000 | E67: =+$I$2+(FBD[[#This Row],[QUANTITE]]*FBD[[#This Row],[PRIX UNITAIRE]]) -> 330000 | G67: =+SUM(E$9:$E67)-SUM(F$9:$F67) -> 18837500
A68: 45689 | B68: ESPECE | E68: =+$I$2+(FBD[[#This Row],[QUANTITE]]*FBD[[#This Row],[PRIX UNITAIRE]]) -> 0 | F68: 3656000 | G68: =+SUM(E$9:$E68)-SUM(F$9:$F68) -> 15181500
A69: 45689 | B69: BARIQUE HUILE 15W40 200L | C69: 1 | D69: 340000 | E69: =+$I$2+(FBD[[#This Row],[QUANTITE]]*FBD[[#This Row],[PRIX UNITAIRE]]) -> 340000 | G69: =+SUM(E$9:$E69)-SUM(F$9:$F69) -> 15521500
A70: 45689 | B70: BARIQUE HUILE 10W | C70: 1 | D70: 310000 | E70: =+$I$2+(FBD[[#This Row],[QUANTITE]]*FBD[[#This Row],[PRIX UNITAIRE]]) -> 310000 | G70: =+SUM(E$9:$E70)-SUM(F$9:$F70) -> 15831500
A71: 45689 | B71: BARRIQUE DE GRAISSE EP3 | C71: 1 | D71: 400000 | E71: =+$I$2+(FBD[[#This Row],[QUANTITE]]*FBD[[#This Row],[PRIX UNITAIRE]]) -> 400000 | G71: =+SUM(E$9:$E71)-SUM(F$9:$F71) -> 16231500
A72: 45691 | B72: BATTERIE 120AH BEYONIX | C72: 6 | D72: 55000 | E72: =+$I$2+(FBD[[#This Row],[QUANTITE]]*FBD[[#This Row],[PRIX UNITAIRE]]) -> 330000 | G72: =+SUM(E$9:$E72)-SUM(F$9:$F72) -> 16561500
A73: 45691 | B73: BATTERIE 100 AH BEYONIX | C73: 5 | D73: 45000 | E73: =+$I$2+(FBD[[#This Row],[QUANTITE]]*FBD[[#This Row],[PRIX UNITAIRE]]) -> 225000 | G73: =+SUM(E$9:$E73)-SUM(F$9:$F73) -> 16786500
A74: 45691 | B74: BATTERIE 90AH CONTINENTAL | C74: 2 | D74: 60000 | E74: =+$I$2+(FBD[[#This Row],[QUANTITE]]*FBD[[#This Row],[PRIX UNITAIRE]]) -> 120000 | G74: =+SUM(E$9:$E74)-SUM(F$9:$F74) -> 16906500
A75: 45691 | B75: PNEU 315/80R22,5 BLACKRIDER | C75: 5 | D75: 105000 | E75: =+$I$2+(FBD[[#This Row],[QUANTITE]]*FBD[[#This Row],[PRIX UNITAIRE]]) -> 525000 | G75: =+SUM(E$9:$E75)-SUM(F$9:$F75) -> 17431500
A76: 45691 | B76: BARIQUE HUILE 15W40 SAIBOT 200L | C76: 1 | D76: 240000 | E76: =+$I$2+(FBD[[#This Row],[QUANTITE]]*FBD[[#This Row],[PRIX UNITAIRE]]) -> 240000 | G76: =+SUM(E$9:$E76)-SUM(F$9:$F76) -> 17671500
A77: 45691 | B77: PNEU 13R22,5 MIXTE | C77: 2 | D77: 128000 | E77: =+$I$2+(FBD[[#This Row],[QUANTITE]]*FBD[[#This Row],[PRIX UNITAIRE]]) -> 256000 | G77: =+SUM(E$9:$E77)-SUM(F$9:$F77) -> 17927500
A78: 45692 | B78: PNEU 385/65R22,5 LONGTRACK | C78: 2 | D78: 128000 | E78: =+$I$2+(FBD[[#This Row],[QUANTITE]]*FBD[[#This Row],[PRIX UNITAIRE]]) -> 256000 | G78: =+SUM(E$9:$E78)-SUM(F$9:$F78) -> 18183500
A79: 45694 | B79: BARIQUE HUILE 15W40 200L | C79: 1 | D79: 330000 | E79: =+$I$2+(FBD[[#This Row],[QUANTITE]]*FBD[[#This Row],[PRIX UNITAIRE]]) -> 330000 | G79: =+SUM(E$9:$E79)-SUM(F$9:$F79) -> 18513500
A80: 45694 | B80: PNEU 185R14C | C80: 2 | D80: 22000 | E80: =+$I$2+(FBD[[#This Row],[QUANTITE]]*FBD[[#This Row],[PRIX UNITAIRE]]) -> 44000 | G80: =+SUM(E$9:$E80)-SUM(F$9:$F80) -> 18557500
A81: 45694 | B81: PNEU 275/60R20 | C81: 1 | D81: 45000 | E81: =+$I$2+(FBD[[#This Row],[QUANTITE]]*FBD[[#This Row],[PRIX UNITAIRE]]) -> 45000 | G81: =+SUM(E$9:$E81)-SUM(F$9:$F81) -> 18602500
A82: 45696 | B82: ESPECE | E82: =+$I$2+(FBD[[#This Row],[QUANTITE]]*FBD[[#This Row],[PRIX UNITAIRE]]) -> 0 | F82: 2149000 | G82: =+SUM(E$9:$E82)-SUM(F$9:$F82) -> 16453500
A83: 45696 | B83: CHEQUE | E83: =+$I$2+(FBD[[#This Row],[QUANTITE]]*FBD[[#This Row],[PRIX UNITAIRE]]) -> 0 | F83: 240000 | G83: =+SUM(E$9:$E83)-SUM(F$9:$F83) -> 16213500
A84: 45698 | B84: PNEU 385/65R22,5 | C84: 6 | D84: 128000 | E84: =+$I$2+(FBD[[#This Row],[QUANTITE]]*FBD[[#This Row],[PRIX UNITAIRE]]) -> 768000 | G84: =+SUM(E$9:$E84)-SUM(F$9:$F84) -> 16981500
A85: 45698 | B85: PNEU 315/80R22,5 | C85: 4 | D85: 105000 | E85: =+$I$2+(FBD[[#This Row],[QUANTITE]]*FBD[[#This Row],[PRIX UNITAIRE]]) -> 420000 | G85: =+SUM(E$9:$E85)-SUM(F$9:$F85) -> 17401500
A86: 45698 | B86: PNEU BRIDGESTONE 205R16 | C86: 1 | D86: 60000 | E86: =+$I$2+(FBD[[#This Row],[QUANTITE]]*FBD[[#This Row],[PRIX UNITAIRE]]) -> 60000 | G86: =+SUM(E$9:$E86)-SUM(F$9:$F86) -> 17461500
A87: 45698 | B87: BATTERIE BEYONIX 150AH | C87: 4 | D87: 65000 | E87: =+$I$2+(FBD[[#This Row],[QUANTITE]]*FBD[[#This Row],[PRIX UNITAIRE]]) -> 260000 | G87: =+SUM(E$9:$E87)-SUM(F$9:$F87) -> 17721500
A88: 45698 | B88: BATTERIE BEYONIX 120AH | C88: 4 | D88: 55000 | E88: =+$I$2+(FBD[[#This Row],[QUANTITE]]*FBD[[#This Row],[PRIX UNITAIRE]]) -> 220000 | G88: =+SUM(E$9:$E88)-SUM(F$9:$F88) -> 17941500
A89: 45698 | B89: BATTERIE BEYONIX 120AH | C89: 2 | D89: 55000 | E89: =+$I$2+(FBD[[#This Row],[QUANTITE]]*FBD[[#This Row],[PRIX UNITAIRE]]) -> 110000 | G89: =+SUM(E$9:$E89)-SUM(F$9:$F89) -> 18051500
A90: 45698 | B90: BATTERIE BEYONIX 120AH | C90: 2 | D90: 45000 | E90: =+$I$2+(FBD[[#This Row],[QUANTITE]]*FBD[[#This Row],[PRIX UNITAIRE]]) -> 90000 | G90: =+SUM(E$9:$E90)-SUM(F$9:$F90) -> 18141500
A91: 45700 | B91: PNEU 13R22,5 | C91: 4 | D91: 128000 | E91: =+$I$2+(FBD[[#This Row],[QUANTITE]]*FBD[[#This Row],[PRIX UNITAIRE]]) -> 512000 | G91: =+SUM(E$9:$E91)-SUM(F$9:$F91) -> 18653500
A92: 45701 | B92: ESPECE | E92: =+$I$2+(FBD[[#This Row],[QUANTITE]]*FBD[[#This Row],[PRIX UNITAIRE]]) -> 0 | F92: 650000 | G92: =+SUM(E$9:$E92)-SUM(F$9:$F92) -> 18003500
A93: 45701 | B93: PNEU 315/80R22,5 BLACKRIDER | C93: 6 | D93: 105000 | E93: =+$I$2+(FBD[[#This Row],[QUANTITE]]*FBD[[#This Row],[PRIX UNITAIRE]]) -> 630000 | G93: =+SUM(E$9:$E93)-SUM(F$9:$F93) -> 18633500
A94: 45701 | B94: BATTERIE BEYONIX 150AH | C94: 6 | D94: 65000 | E94: =+$I$2+(FBD[[#This Row],[QUANTITE]]*FBD[[#This Row],[PRIX UNITAIRE]]) -> 390000 | G94: =+SUM(E$9:$E94)-SUM(F$9:$F94) -> 19023500
A95: 45701 | B95: HUILE 15W40 20L | C95: 10 | D95: 33000 | E95: =+$I$2+(FBD[[#This Row],[QUANTITE]]*FBD[[#This Row],[PRIX UNITAIRE]]) -> 330000 | G95: =+SUM(E$9:$E95)-SUM(F$9:$F95) -> 19353500
A96: 45701 | B96: PNEU 13R22,5 MIXTE | C96: 4 | D96: 128000 | E96: =+$I$2+(FBD[[#This Row],[QUANTITE]]*FBD[[#This Row],[PRIX UNITAIRE]]) -> 512000 | G96: =+SUM(E$9:$E96)-SUM(F$9:$F96) -> 19865500
A97: 45702 | B97: ESPECE | E97: =+$I$2+(FBD[[#This Row],[QUANTITE]]*FBD[[#This Row],[PRIX UNITAIRE]]) -> 0 | F97: 1212000 | G97: =+SUM(E$9:$E97)-SUM(F$9:$F97) -> 18653500
A98: 45702 | B98: CHEQUE | E98: =+$I$2+(FBD[[#This Row],[QUANTITE]]*FBD[[#This Row],[PRIX UNITAIRE]]) -> 0 | F98: 160000 | G98: =+SUM(E$9:$E98)-SUM(F$9:$F98) -> 18493500
A99: 45702 | B99: BATTERIE 120AH CONTINENTAL | C99: 2 | D99: 85000 | E99: =+$I$2+(FBD[[#This Row],[QUANTITE]]*FBD[[#This Row],[PRIX UNITAIRE]]) -> 170000 | G99: =+SUM(E$9:$E99)-SUM(F$9:$F99) -> 18663500
A100: 45705 | B100: PNEU 825/20 | C100: 2 | D100: 105000 | E100: =+$I$2+(FBD[[#This Row],[QUANTITE]]*FBD[[#This Row],[PRIX UNITAIRE]]) -> 210000 | G100: =+SUM(E$9:$E100)-SUM(F$9:$F100) -> 18873500
A101: 45705 | B101: PNEU 900/20 | C101: 2 | D101: 115000 | E101: =+$I$2+(FBD[[#This Row],[QUANTITE]]*FBD[[#This Row],[PRIX UNITAIRE]]) -> 230000 | G101: =+SUM(E$9:$E101)-SUM(F$9:$F101) -> 19103500
A102: 45706 | B102: ESPECE | E102: =+$I$2+(FBD[[#This Row],[QUANTITE]]*FBD[[#This Row],[PRIX UNITAIRE]]) -> 0 | F102: 2000000 | G102: =+SUM(E$9:$E102)-SUM(F$9:$F102) -> 17103500
...

Sheet ARTCI
I1: 0
D3: ANNEE | E3: CHIFFRE AFFAIRE | F3: TOTAL VERSEMENT | G3: SOLDE
D4: BILAN | E4: =+SUM(ARTCI[TOTAL MONTANT]) -> 5945000 | F4: =+SUM(ARTCI[VERSEMENT]) -> 5945000 | G4: =+E4-F4 -> 0
B5: NOM CLIENT
B6: ARTCI
A8: DATE | B8: DESIGNATION | C8: QUANTITE | D8: PRIX UNITAIRE | E8: TOTAL MONTANT | F8: VERSEMENT | G8: SOLDE
A9: 45786 | B9: PNEU 225/60R17 TRANSMATE / 1216LP01 | C9: 4 | D9: 75000 | E9: =$I$1+(ARTCI[[#This Row],[QUANTITE]]*ARTCI[[#This Row],[PRIX UNITAIRE]]) -> 300000 | G9: =SUM(E$9:$E9)-SUM(F$9:$F9) -> 300000
A10: 45791 | B10: PNEU 205/75R17,5 TAITONG / AA-744-PE | C10: 1 | D10: 80000 | E10: =$I$1+(ARTCI[[#This Row],[QUANTITE]]*ARTCI[[#This Row],[PRIX UNITAIRE]]) -> 80000 | G10: =SUM(E$9:$E10)-SUM(F$9:$F10) -> 380000
A11: 45791 | B11: JANTE 17,5 | C11: 1 | D11: 60000 | E11: =$I$1+(ARTCI[[#This Row],[QUANTITE]]*ARTCI[[#This Row],[PRIX UNITAIRE]]) -> 60000 | G11: =SUM(E$9:$E11)-SUM(F$9:$F11) -> 440000
A12: 45846 | B12: PAYE PAR CHEQUE | C12: 1 | D12: 0 | E12: =$I$1+(ARTCI[[#This Row],[QUANTITE]]*ARTCI[[#This Row],[PRIX UNITAIRE]]) -> 0 | F12: 300000 | G12: =SUM(E$9:$E12)-SUM(F$9:$F12) -> 140000
A13: 45846 | B13: PAYE EN ESPECES | C13: 1 | D13: 1305000 | E13: =$I$1+(ARTCI[[#This Row],[QUANTITE]]*ARTCI[[#This Row],[PRIX UNITAIRE]]) -> 1305000 | F13: 140000 | G13: =SUM(E$9:$E13)-SUM(F$9:$F13) -> 1305000
A14: 45856 | B14: PNEU 215/50R17 GLEDE | C14: 5 | D14: 65000 | E14: =$I$1+(ARTCI[[#This Row],[QUANTITE]]*ARTCI[[#This Row],[PRIX UNITAIRE]]) -> 325000 | G14: =SUM(E$9:$E14)-SUM(F$9:$F14) -> 1630000
A15: 45856 | B15: SILENTBLOC DE BRAS AV | C15: 4 | D15: 20000 | E15: =$I$1+(ARTCI[[#This Row],[QUANTITE]]*ARTCI[[#This Row],[PRIX UNITAIRE]]) -> 80000 | G15: =SUM(E$9:$E15)-SUM(F$9:$F15) -> 1710000
A16: 45880 | B16: PNEU 225/50R17 GLEDE | C16: 5 | D16: 65000 | E16: =$I$1+(ARTCI[[#This Row],[QUANTITE]]*ARTCI[[#This Row],[PRIX UNITAIRE]]) -> 325000 | G16: =SUM(E$9:$E16)-SUM(F$9:$F16) -> 2035000
A17: 45903 | B17: PNEU 225/50R17 GLEDE | C17: 4 | D17: 65000 | E17: =$I$1+(ARTCI[[#This Row],[QUANTITE]]*ARTCI[[#This Row],[PRIX UNITAIRE]]) -> 260000 | G17: =SUM(E$9:$E17)-SUM(F$9:$F17) -> 2295000
A18: 45903 | B18: PNE 205/60R16 GLEDE | C18: 1 | D18: 65000 | E18: =$I$1+(ARTCI[[#This Row],[QUANTITE]]*ARTCI[[#This Row],[PRIX UNITAIRE]]) -> 65000 | G18: =SUM(E$9:$E18)-SUM(F$9:$F18) -> 2360000
A19: 45905 | B19: PAYE CHEQUE | E19: =$I$1+(ARTCI[[#This Row],[QUANTITE]]*ARTCI[[#This Row],[PRIX UNITAIRE]]) -> 0 | F19: 540000 | G19: =SUM(E$9:$E19)-SUM(F$9:$F19) -> 1820000
A20: 45905 | B20: PAYE CHEQUE | E20: =$I$1+(ARTCI[[#This Row],[QUANTITE]]*ARTCI[[#This Row],[PRIX UNITAIRE]]) -> 0 | F20: 975000 | G20: =SUM(E$9:$E20)-SUM(F$9:$F20) -> 845000
A21: 45912 | B21: PNEU 185/65R15 | C21: 5 | D21: 45000 | E21: =$I$1+(ARTCI[[#This Row],[QUANTITE]]*ARTCI[[#This Row],[PRIX UNITAIRE]]) -> 225000 | G21: =SUM(E$9:$E21)-SUM(F$9:$F21) -> 1070000
A22: 45912 | B22: PNEU 315/40R21 | C22: 2 | D22: 200000 | E22: =$I$1+(ARTCI[[#This Row],[QUANTITE]]*ARTCI[[#This Row],[PRIX UNITAIRE]]) -> 400000 | G22: =SUM(E$9:$E22)-SUM(F$9:$F22) -> 1470000
A23: 45912 | B23: PNEU 275/45R21 | C23: 2 | D23: 150000 | E23: =$I$1+(ARTCI[[#This Row],[QUANTITE]]*ARTCI[[#This Row],[PRIX UNITAIRE]]) -> 300000 | G23: =SUM(E$9:$E23)-SUM(F$9:$F23) -> 1770000
A24: 45912 | B24: MONTAGE/ PARALLELISME | C24: 1 | D24: 10000 | E24: =$I$1+(ARTCI[[#This Row],[QUANTITE]]*ARTCI[[#This Row],[PRIX UNITAIRE]]) -> 10000 | G24: =SUM(E$9:$E24)-SUM(F$9:$F24) -> 1780000
A25: 45919 | B25: PAYE CHEQUE | E25: =$I$1+(ARTCI[[#This Row],[QUANTITE]]*ARTCI[[#This Row],[PRIX UNITAIRE]]) -> 0 | F25: 1000000 | G25: =SUM(E$9:$E25)-SUM(F$9:$F25) -> 780000
A26: 45923 | B26: PNEU 185/65R15 GLEDE | C26: 5 | D26: 45000 | E26: =$I$1+(ARTCI[[#This Row],[QUANTITE]]*ARTCI[[#This Row],[PRIX UNITAIRE]]) -> 225000 | G26: =SUM(E$9:$E26)-SUM(F$9:$F26) -> 1005000
C27: 1 | D27: 400000 | E27: =$I$1+(ARTCI[[#This Row],[QUANTITE]]*ARTCI[[#This Row],[PRIX UNITAIRE]]) -> 400000 | G27: =SUM(E$9:$E27)-SUM(F$9:$F27) -> 1405000
A28: 45940 | B28: PNEU 235/60R18 GLEDE | C28: 4 | D28: 85000 | E28: =$I$1+(ARTCI[[#This Row],[QUANTITE]]*ARTCI[[#This Row],[PRIX UNITAIRE]]) -> 340000 | G28: =SUM(E$9:$E28)-SUM(F$9:$F28) -> 1745000
A29: 45940 | B29: PAYE PAR CHEQUE | E29: =$I$1+(ARTCI[[#This Row],[QUANTITE]]*ARTCI[[#This Row],[PRIX UNITAIRE]]) -> 0 | F29: 340000 | G29: =SUM(E$9:$E29)-SUM(F$9:$F29) -> 1405000
A30: 45961 | B30: PNEU 235/50R20 BRIDGESTONE / MAZDA | C30: 1 | D30: 225000 | E30: =$I$1+(ARTCI[[#This Row],[QUANTITE]]*ARTCI[[#This Row],[PRIX UNITAIRE]]) -> 225000 | G30: =SUM(E$9:$E30)-SUM(F$9:$F30) -> 1630000
B31: PAYER PAR CHEQUE N° | C31: 1 | D31: 0 | E31: =$I$1+(ARTCI[[#This Row],[QUANTITE]]*ARTCI[[#This Row],[PRIX UNITAIRE]]) -> 0 | F31: 235000 | G31: =SUM(E$9:$E31)-SUM(F$9:$F31) -> 1395000
A32: 45986 | B32: PNEU 305/40R20 PIRELI - BMW AA-417-HG | C32: 2 | D32: 290000 | E32: =$I$1+(ARTCI[[#This Row],[QUANTITE]]*ARTCI[[#This Row],[PRIX UNITAIRE]]) -> 580000 | G32: =SUM(E$9:$E32)-SUM(F$9:$F32) -> 1975000
A33: 45986 | B33: PNEU 275/45R20 PIRELI - BMW | C33: 2 | D33: 220000 | E33: =$I$1+(ARTCI[[#This Row],[QUANTITE]]*ARTCI[[#This Row],[PRIX UNITAIRE]]) -> 440000 | G33: =SUM(E$9:$E33)-SUM(F$9:$F33) -> 2415000
E34: =$I$1+(ARTCI[[#This Row],[QUANTITE]]*ARTCI[[#This Row],[PRIX UNITAIRE]]) -> 0 | F34: 1195000 | G34: =SUM(E$9:$E34)-SUM(F$9:$F34) -> 1220000
A35: 46048 | B35: PAYER PAR CHEQUE N° | C35: 1 | D35: 0 | E35: =$I$1+(ARTCI[[#This Row],[QUANTITE]]*ARTCI[[#This Row],[PRIX UNITAIRE]]) -> 0 | F35: 1220000 | G35: =SUM(E$9:$E35)-SUM(F$9:$F35) -> 0
E36: =$I$1+(ARTCI[[#This Row],[QUANTITE]]*ARTCI[[#This Row],[PRIX UNITAIRE]]) -> 0 | G36: =SUM(E$9:$E36)-SUM(F$9:$F36) -> 0
E37: =$I$1+(ARTCI[[#This Row],[QUANTITE]]*ARTCI[[#This Row],[PRIX UNITAIRE]]) -> 0 | G37: =SUM(E$9:$E37)-SUM(F$9:$F37) -> 0
E38: =$I$1+(ARTCI[[#This Row],[QUANTITE]]*ARTCI[[#This Row],[PRIX UNITAIRE]]) -> 0 | G38: =SUM(E$9:$E38)-SUM(F$9:$F38) -> 0
E39: =$I$1+(ARTCI[[#This Row],[QUANTITE]]*ARTCI[[#This Row],[PRIX UNITAIRE]]) -> 0 | G39: =SUM(E$9:$E39)-SUM(F$9:$F39) -> 0
E40: =$I$1+(ARTCI[[#This Row],[QUANTITE]]*ARTCI[[#This Row],[PRIX UNITAIRE]]) -> 0 | G40: =SUM(E$9:$E40)-SUM(F$9:$F40) -> 0
E41: =$I$1+(ARTCI[[#This Row],[QUANTITE]]*ARTCI[[#This Row],[PRIX UNITAIRE]]) -> 0 | G41: =SUM(E$9:$E41)-SUM(F$9:$F41) -> 0
E42: =$I$1+(ARTCI[[#This Row],[QUANTITE]]*ARTCI[[#This Row],[PRIX UNITAIRE]]) -> 0 | G42: =SUM(E$9:$E42)-SUM(F$9:$F42) -> 0
E43: =$I$1+(ARTCI[[#This Row],[QUANTITE]]*ARTCI[[#This Row],[PRIX UNITAIRE]]) -> 0 | G43: =SUM(E$9:$E43)-SUM(F$9:$F43) -> 0
E44: =$I$1+(ARTCI[[#This Row],[QUANTITE]]*ARTCI[[#This Row],[PRIX UNITAIRE]]) -> 0 | G44: =SUM(E$9:$E44)-SUM(F$9:$F44) -> 0
E45: =$I$1+(ARTCI[[#This Row],[QUANTITE]]*ARTCI[[#This Row],[PRIX UNITAIRE]]) -> 0 | G45: =SUM(E$9:$E45)-SUM(F$9:$F45) -> 0
E46: =$I$1+(ARTCI[[#This Row],[QUANTITE]]*ARTCI[[#This Row],[PRIX UNITAIRE]]) -> 0 | G46: =SUM(E$9:$E46)-SUM(F$9:$F46) -> 0
E47: =$I$1+(ARTCI[[#This Row],[QUANTITE]]*ARTCI[[#This Row],[PRIX UNITAIRE]]) -> 0 | G47: =SUM(E$9:$E47)-SUM(F$9:$F47) -> 0
... E71: =$I$1+(ARTCI[[#This Row],[QUANTITE]]*ARTCI[[#This Row],[PRIX UNITAIRE]]) -> 0 | G71: =SUM(E$9:$E71)-SUM(F$9:$F71) -> 0

Sheet AFCHEM-SOFACO
I2: 0
D3: ANNEE | E3: CHIFFRE AFFAIRE | F3: TOTAL VERSEMENT | G3: SOLDE
D4: BILAN | E4: =+SUM(SOFACO[TOTAL MONTANT]) -> 7042000 | F4: =+SUM(SOFACO[VERSEMENT]) -> 5360000 | G4: =+E4-F4 -> 1682000
B5: NOM CLIENT
B6: AFCHEM-SOFACO
A8: DATE | B8: DESIGNATION | C8: QUANTITE | D8: PRIX UNITAIRE | E8: TOTAL MONTANT | F8: VERSEMENT | G8: SOLDE
A9: 45798 | B9: PNEU 315/80R22,5 EUROPEEN | C9: 2 | D9: 325000 | E9: =+$I$2+(SOFACO[[#This Row],[QUANTITE]]*SOFACO[[#This Row],[PRIX UNITAIRE]]) -> 650000 | G9: =+SUM(E$9:$E9)-SUM(F$9:$F9) -> 650000
A10: 45799 | B10: PNEU 205R16C BRIDGESTONE / AA-610-EP | C10: 4 | D10: 135000 | E10: =+$I$2+(SOFACO[[#This Row],[QUANTITE]]*SOFACO[[#This Row],[PRIX UNITAIRE]]) -> 540000 | G10: =+SUM(E$9:$E10)-SUM(F$9:$F10) -> 1190000
A11: 45799 | B11: PNEU 205R16C BRIDGESTONE / 8850JA01 | C11: 4 | D11: 135000 | E11: =+$I$2+(SOFACO[[#This Row],[QUANTITE]]*SOFACO[[#This Row],[PRIX UNITAIRE]]) -> 540000 | G11: =+SUM(E$9:$E11)-SUM(F$9:$F11) -> 1730000
A12: 45811 | B12: PNEU 225/60R17 DUNLOP / 4876JF01 | C12: 4 | D12: 135000 | E12: =+$I$2+(SOFACO[[#This Row],[QUANTITE]]*SOFACO[[#This Row],[PRIX UNITAIRE]]) -> 540000 | G12: =+SUM(E$9:$E12)-SUM(F$9:$F12) -> 2270000
A13: 45847 | B13: PAYE CHEQUE | F13: 1730000 | G13: =+SUM(E$9:$E13)-SUM(F$9:$F13) -> 540000
A14: 45866 | B14: PAYE CHEQUE | E14: =+$I$2+(SOFACO[[#This Row],[QUANTITE]]*SOFACO[[#This Row],[PRIX UNITAIRE]]) -> 0 | F14: 540000 | G14: =+SUM(E$9:$E14)-SUM(F$9:$F14) -> 0
A15: 45890 | B15: REPARATION TOYOTA HILUX | C15: 1 | D15: 0 | E15: =+$I$2+(SOFACO[[#This Row],[QUANTITE]]*SOFACO[[#This Row],[PRIX UNITAIRE]]) -> 0 | G15: =+SUM(E$9:$E15)-SUM(F$9:$F15) -> 0
A16: 45895 | B16: BATTERIE 75 1H | C16: 1 | D16: 65000 | E16: =+$I$2+(SOFACO[[#This Row],[QUANTITE]]*SOFACO[[#This Row],[PRIX UNITAIRE]]) -> 65000 | G16: =+SUM(E$9:$E16)-SUM(F$9:$F16) -> 65000
A17: 45915 | B17: PNEU 265/65R17 DUNLOP | C17: 1 | D17: 150000 | E17: =+$I$2+(SOFACO[[#This Row],[QUANTITE]]*SOFACO[[#This Row],[PRIX UNITAIRE]]) -> 150000 | G17: =+SUM(E$9:$E17)-SUM(F$9:$F17) -> 215000
A18: 45936 | B18: HUILE MOTEUR 10W40 | C18: 1 | D18: 40000 | E18: =+$I$2+(SOFACO[[#This Row],[QUANTITE]]*SOFACO[[#This Row],[PRIX UNITAIRE]]) -> 40000 | G18: =+SUM(E$9:$E18)-SUM(F$9:$F18) -> 255000
B19: FILTRE A HUILE BOSH | C19: 1 | D19: 10000 | E19: =+$I$2+(SOFACO[[#This Row],[QUANTITE]]*SOFACO[[#This Row],[PRIX UNITAIRE]]) -> 10000 | G19: =+SUM(E$9:$E19)-SUM(F$9:$F19) -> 265000
B20: FILTRE A AIR | C20: 1 | D20: 18000 | E20: =+$I$2+(SOFACO[[#This Row],[QUANTITE]]*SOFACO[[#This Row],[PRIX UNITAIRE]]) -> 18000 | G20: =+SUM(E$9:$E20)-SUM(F$9:$F20) -> 283000
B21: FILTRE A CLIM | C21: 1 | D21: 12000 | E21: =+$I$2+(SOFACO[[#This Row],[QUANTITE]]*SOFACO[[#This Row],[PRIX UNITAIRE]]) -> 12000 | G21: =+SUM(E$9:$E21)-SUM(F$9:$F21) -> 295000
B22: ENTRETIEN COMPLET | C22: 1 | D22: 20000 | E22: =+$I$2+(SOFACO[[#This Row],[QUANTITE]]*SOFACO[[#This Row],[PRIX UNITAIRE]]) -> 20000 | G22: =+SUM(E$9:$E22)-SUM(F$9:$F22) -> 315000
A23: 45940 | B23: PNEU 205/16C | C23: 4 | D23: 118750 | E23: =+$I$2+(SOFACO[[#This Row],[QUANTITE]]*SOFACO[[#This Row],[PRIX UNITAIRE]]) -> 475000 | G23: =+SUM(E$9:$E23)-SUM(F$9:$F23) -> 790000
A24: 45995 | B24: HUILE MOTEUR 50W40 - FORD 244LJ01 | C24: 1 | D24: 36000 | E24: =+$I$2+(SOFACO[[#This Row],[QUANTITE]]*SOFACO[[#This Row],[PRIX UNITAIRE]]) -> 36000 | G24: =+SUM(E$9:$E24)-SUM(F$9:$F24) -> 826000
B25: FILTRE A HUILE BOSH | C25: 1 | D25: 13000 | E25: =+$I$2+(SOFACO[[#This Row],[QUANTITE]]*SOFACO[[#This Row],[PRIX UNITAIRE]]) -> 13000 | G25: =+SUM(E$9:$E25)-SUM(F$9:$F25) -> 839000
B26: FILTRE A AIR | C26: 1 | D26: 15000 | E26: =+$I$2+(SOFACO[[#This Row],[QUANTITE]]*SOFACO[[#This Row],[PRIX UNITAIRE]]) -> 15000 | G26: =+SUM(E$9:$E26)-SUM(F$9:$F26) -> 854000
B27: FILTRE A GASOIL | C27: 1 | D27: 12000 | E27: =+$I$2+(SOFACO[[#This Row],[QUANTITE]]*SOFACO[[#This Row],[PRIX UNITAIRE]]) -> 12000 | G27: =+SUM(E$9:$E27)-SUM(F$9:$F27) -> 866000
B28: FILTRE A POLAINE | C28: 1 | D28: 13000 | E28: =+$I$2+(SOFACO[[#This Row],[QUANTITE]]*SOFACO[[#This Row],[PRIX UNITAIRE]]) -> 13000 | G28: =+SUM(E$9:$E28)-SUM(F$9:$F28) -> 879000
B29: MAIN D'ŒUVRE | C29: 1 | D29: 20000 | E29: =+$I$2+(SOFACO[[#This Row],[QUANTITE]]*SOFACO[[#This Row],[PRIX UNITAIRE]]) -> 20000 | G29: =+SUM(E$9:$E29)-SUM(F$9:$F29) -> 899000
A30: 46008 | B30: BATTERIE 75AH BEYONIX - RAV4 | C30: 1 | D30: 65000 | E30: =+$I$2+(SOFACO[[#This Row],[QUANTITE]]*SOFACO[[#This Row],[PRIX UNITAIRE]]) -> 65000 | G30: =+SUM(E$9:$E30)-SUM(F$9:$F30) -> 964000
A31: 46015 | B31: PAYE CHEQUE | E31: =+$I$2+(SOFACO[[#This Row],[QUANTITE]]*SOFACO[[#This Row],[PRIX UNITAIRE]]) -> 0 | F31: 1570000 | G31: =+SUM(E$9:$E31)-SUM(F$9:$F31) -> -606000
A32: 46042 | B32: VIDANGE RENAULT DUSTER -8891HB01 | C32: 1 | D32: 95000 | E32: =+$I$2+(SOFACO[[#This Row],[QUANTITE]]*SOFACO[[#This Row],[PRIX UNITAIRE]]) -> 95000 | G32: =+SUM(E$9:$E32)-SUM(F$9:$F32) -> -511000
A33: 46043 | B33: PAYE ESPECE | E33: =+$I$2+(SOFACO[[#This Row],[QUANTITE]]*SOFACO[[#This Row],[PRIX UNITAIRE]]) -> 0 | F33: 585000 | G33: =+SUM(E$9:$E33)-SUM(F$9:$F33) -> -1096000
A34: 46043 | B34: PNEU 13R22.5 | C34: 3 | D34: 0 | E34: =+$I$2+(SOFACO[[#This Row],[QUANTITE]]*SOFACO[[#This Row],[PRIX UNITAIRE]]) -> 0 | G34: =+SUM(E$9:$E34)-SUM(F$9:$F34) -> -1096000
B35: PNEU 315/80R22.5 | C35: 4 | D35: 130000 | E35: =+$I$2+(SOFACO[[#This Row],[QUANTITE]]*SOFACO[[#This Row],[PRIX UNITAIRE]]) -> 520000 | G35: =+SUM(E$9:$E35)-SUM(F$9:$F35) -> -576000
A36: 46056 | B36: PNEU 265/65R17 BRIDGESTONE - 638KC01 | C36: 4 | D36: 145000 | E36: =+$I$2+(SOFACO[[#This Row],[QUANTITE]]*SOFACO[[#This Row],[PRIX UNITAIRE]]) -> 580000 | G36: =+SUM(E$9:$E36)-SUM(F$9:$F36) -> 4000
A37: 46058 | B37: JEU DE PLAQUETTE DE FREIN AV - HUYNDAI | C37: 1 | D37: 55000 | E37: =+$I$2+(SOFACO[[#This Row],[QUANTITE]]*SOFACO[[#This Row],[PRIX UNITAIRE]]) -> 55000 | G37: =+SUM(E$9:$E37)-SUM(F$9:$F37) -> 59000
A38: 46058 | B38: MAIN D'ŒUVRE - HUYNDAI - 2063LU01 | C38: 1 | D38: 20000 | E38: =+$I$2+(SOFACO[[#This Row],[QUANTITE]]*SOFACO[[#This Row],[PRIX UNITAIRE]]) -> 20000 | G38: =+SUM(E$9:$E38)-SUM(F$9:$F38) -> 79000
A39: 46072 | B39: HUILE MOTEUR 10W40 5L - TOYOTA HILUX | C39: 1 | D39: 40000 | E39: =+$I$2+(SOFACO[[#This Row],[QUANTITE]]*SOFACO[[#This Row],[PRIX UNITAIRE]]) -> 40000 | G39: =+SUM(E$9:$E39)-SUM(F$9:$F39) -> 119000
A40: 46072 | B40: FILTRE A HUILE BOSH -TOYOTA HILUX | C40: 1 | D40: 13000 | E40: =+$I$2+(SOFACO[[#This Row],[QUANTITE]]*SOFACO[[#This Row],[PRIX UNITAIRE]]) -> 13000 | G40: =+SUM(E$9:$E40)-SUM(F$9:$F40) -> 132000
A41: 46072 | B41: FILTRE A AIR - TOYOTA HILUX | C41: 1 | D41: 15000 | E41: =+$I$2+(SOFACO[[#This Row],[QUANTITE]]*SOFACO[[#This Row],[PRIX UNITAIRE]]) -> 15000 | G41: =+SUM(E$9:$E41)-SUM(F$9:$F41) -> 147000
A42: 46072 | B42: FILTRE A POLLEN- TOYOTA HILUX | C42: 1 | D42: 10000 | E42: =+$I$2+(SOFACO[[#This Row],[QUANTITE]]*SOFACO[[#This Row],[PRIX UNITAIRE]]) -> 10000 | G42: =+SUM(E$9:$E42)-SUM(F$9:$F42) -> 157000
A43: 46072 | B43: MAIN D'ŒUVRE -TOYOTA HILUX | C43: 1 | D43: 20000 | E43: =+$I$2+(SOFACO[[#This Row],[QUANTITE]]*SOFACO[[#This Row],[PRIX UNITAIRE]]) -> 20000 | G43: =+SUM(E$9:$E43)-SUM(F$9:$F43) -> 177000
A44: 46076 | B44: CONDENSSEUR DE CLIM - HUYNDAI | C44: 1 | D44: 190000 | E44: =+$I$2+(SOFACO[[#This Row],[QUANTITE]]*SOFACO[[#This Row],[PRIX UNITAIRE]]) -> 190000 | G44: =+SUM(E$9:$E44)-SUM(F$9:$F44) -> 367000
A45: 46076 | B45: COMPRESSEUR DE CLIM - HUYNDAI | C45: 1 | D45: 485000 | E45: =+$I$2+(SOFACO[[#This Row],[QUANTITE]]*SOFACO[[#This Row],[PRIX UNITAIRE]]) -> 485000 | G45: =+SUM(E$9:$E45)-SUM(F$9:$F45) -> 852000
A46: 46076 | B46: DETENDEUR DE CLIM -C HUYNDAI | C46: 1 | D46: 70000 | E46: =+$I$2+(SOFACO[[#This Row],[QUANTITE]]*SOFACO[[#This Row],[PRIX UNITAIRE]]) -> 70000 | G46: =+SUM(E$9:$E46)-SUM(F$9:$F46) -> 922000
A47: 46076 | B47: GAZ DE CLIM - HUYNDAI | C47: 1 | D47: 30000 | E47: =+$I$2+(SOFACO[[#This Row],[QUANTITE]]*SOFACO[[#This Row],[PRIX UNITAIRE]]) -> 30000 | G47: =+SUM(E$9:$E47)-SUM(F$9:$F47) -> 952000
... A49: 46076 | B49: MAIN D'ŒUVRE - HUYNDAI | C49: 1 | D49: 110000 | E49: =+$I$2+(SOFACO[[#This Row],[QUANTITE]]*SOFACO[[#This Row],[PRIX UNITAIRE]]) -> 110000 | G49: =+SUM(E$9:$E49)-SUM(F$9:$F49) -> 1077000
A50: 46084 | B50: payer par cheque | C50: 1 | D50: 0 | E50: 0 | F50: 280000 | G50: =+SUM(E$9:$E50)-SUM(F$9:$F50) -> 797000
A51: 46090 | B51: LIQUIDE DE REFROIDISSEMENT BLEU 5L | C51: 2 | D51: 12500 | E51: =+$I$2+(SOFACO[[#This Row],[QUANTITE]]*SOFACO[[#This Row],[PRIX UNITAIRE]]) -> 25000 | G51: =+SUM(E$9:$E51)-SUM(F$9:$F51) -> 822000
A52: 46090 | B52: ENTRETIEN + ELECTRICITE HILUX 2682KK01 | C52: 1 | D52: 290000 | E52: =+$I$2+(SOFACO[[#This Row],[QUANTITE]]*SOFACO[[#This Row],[PRIX UNITAIRE]]) -> 290000 | G52: =+SUM(E$9:$E52)-SUM(F$9:$F52) -> 1112000
A53: 46090 | B53: PAYE PAR CHEQUE | E53: =+$I$2+(SOFACO[[#This Row],[QUANTITE]]*SOFACO[[#This Row],[PRIX UNITAIRE]]) -> 0 | F53: 655000 | G53: =+SUM(E$9:$E53)-SUM(F$9:$F53) -> 457000
A54: 46090 | B54: TETE DE FLEXIBLE DE REFROIDISSEMENT | C54: 1 | D54: 50000 | E54: =+$I$2+(SOFACO[[#This Row],[QUANTITE]]*SOFACO[[#This Row],[PRIX UNITAIRE]]) -> 50000 | G54: =+SUM(E$9:$E54)-SUM(F$9:$F54) -> 507000
A55: 46091 | B55: TRAVAUX GROS CAMION | C55: 1 | D55: 900000 | E55: =+$I$2+(SOFACO[[#This Row],[QUANTITE]]*SOFACO[[#This Row],[PRIX UNITAIRE]]) -> 900000 | G55: =+SUM(E$9:$E55)-SUM(F$9:$F55) -> 1407000
A56: 46093 | B56: BATTERIE 75 AH DONGHA | C56: 1 | D56: 85000 | E56: =+$I$2+(SOFACO[[#This Row],[QUANTITE]]*SOFACO[[#This Row],[PRIX UNITAIRE]]) -> 85000 | G56: =+SUM(E$9:$E56)-SUM(F$9:$F56) -> 1492000
A57: 46098 | B57: TENDEUR DE COURROIE + COURROIE + M.O | C57: 1 | D57: 190000 | E57: =+$I$2+(SOFACO[[#This Row],[QUANTITE]]*SOFACO[[#This Row],[PRIX UNITAIRE]]) -> 190000 | G57: =+SUM(E$9:$E57)-SUM(F$9:$F57) -> 1682000
E58: =+$I$2+(SOFACO[[#This Row],[QUANTITE]]*SOFACO[[#This Row],[PRIX UNITAIRE]]) -> 0 | G58: =+SUM(E$9:$E58)-SUM(F$9:$F58) -> 1682000
E59: =+$I$2+(SOFACO[[#This Row],[QUANTITE]]*SOFACO[[#This Row],[PRIX UNITAIRE]]) -> 0 | G59: =+SUM(E$9:$E59)-SUM(F$9:$F59) -> 1682000
E60: =+$I$2+(SOFACO[[#This Row],[QUANTITE]]*SOFACO[[#This Row],[PRIX UNITAIRE]]) -> 0 | G60: =+SUM(E$9:$E60)-SUM(F$9:$F60) -> 1682000
E61: =+$I$2+(SOFACO[[#This Row],[QUANTITE]]*SOFACO[[#This Row],[PRIX UNITAIRE]]) -> 0 | G61: =+SUM(E$9:$E61)-SUM(F$9:$F61) -> 1682000
E62: =+$I$2+(SOFACO[[#This Row],[QUANTITE]]*SOFACO[[#This Row],[PRIX UNITAIRE]]) -> 0 | G62: =+SUM(E$9:$E62)-SUM(F$9:$F62) -> 1682000
E63: =+$I$2+(SOFACO[[#This Row],[QUANTITE]]*SOFACO[[#This Row],[PRIX UNITAIRE]]) -> 0 | G63: =+SUM(E$9:$E63)-SUM(F$9:$F63) -> 1682000
E64: =+$I$2+(SOFACO[[#This Row],[QUANTITE]]*SOFACO[[#This Row],[PRIX UNITAIRE]]) -> 0 | G64: =+SUM(E$9:$E64)-SUM(F$9:$F64) -> 1682000
E65: =+$I$2+(SOFACO[[#This Row],[QUANTITE]]*SOFACO[[#This Row],[PRIX UNITAIRE]]) -> 0 | G65: =+SUM(E$9:$E65)-SUM(F$9:$F65) -> 1682000
E66: =+$I$2+(SOFACO[[#This Row],[QUANTITE]]*SOFACO[[#This Row],[PRIX UNITAIRE]]) -> 0 | G66: =+SUM(E$9:$E66)-SUM(F$9:$F66) -> 1682000
E67: =+$I$2+(SOFACO[[#This Row],[QUANTITE]]*SOFACO[[#This Row],[PRIX UNITAIRE]]) -> 0 | G67: =+SUM(E$9:$E67)-SUM(F$9:$F67) -> 1682000
E68: =+$I$2+(SOFACO[[#This Row],[QUANTITE]]*SOFACO[[#This Row],[PRIX UNITAIRE]]) -> 0 | G68: =+SUM(E$9:$E68)-SUM(F$9:$F68) -> 1682000
E69: =+$I$2+(SOFACO[[#This Row],[QUANTITE]]*SOFACO[[#This Row],[PRIX UNITAIRE]]) -> 0 | G69: =+SUM(E$9:$E69)-SUM(F$9:$F69) -> 1682000
... E72: =+$I$2+(SOFACO[[#This Row],[QUANTITE]]*SOFACO[[#This Row],[PRIX UNITAIRE]]) -> 0 | G72: =+SUM(E$9:$E72)-SUM(F$9:$F72) -> 1682000

Sheet MAN TPS
I2: 0
D3: ANNEE | E3: CHIFFRE AFFAIRE | F3: TOTAL VERSEMENT | G3: SOLDE
D4: BILAN | E4: =+SUM(MANTPS[TOTAL MONTANT]) -> 29468500 | F4: =+SUM(MANTPS[VERSEMENT]) -> 30000000 | G4: =+E4-F4 -> -531500
B5: NOM CLIENT
B6: MAN TPS
A8: DATE | B8: DESIGNATION | C8: QUANTITE | D8: PRIX UNITAIRE | E8: TOTAL MONTANT | F8: VERSEMENT | G8: SOLDE
B9: SOLDE DEPART | C9: 1 | D9: 1491000 | E9: =+$I$2+(MANTPS[[#This Row],[QUANTITE]]*MANTPS[[#This Row],[PRIX UNITAIRE]]) -> 1491000 | G9: =+SUM(E$9:$E9)-SUM(F$9:$F9) -> 1491000
A10: 45643 | B10: PNEU 13R22,5MIXTE | C10: 6 | D10: 180000 | E10: =+$I$2+(MANTPS[[#This Row],[QUANTITE]]*MANTPS[[#This Row],[PRIX UNITAIRE]]) -> 1080000 | G10: =+SUM(E$9:$E10)-SUM(F$9:$F10) -> 2571000
A11: 45644 | B11: PNEU 155/70R13 TRANSMATE / 884LT01 | C11: 2 | D11: 27500 | E11: =+$I$2+(MANTPS[[#This Row],[QUANTITE]]*MANTPS[[#This Row],[PRIX UNITAIRE]]) -> 55000 | G11: =+SUM(E$9:$E11)-SUM(F$9:$F11) -> 2626000
A12: 45644 | B12: PNEU 155/70R13 TRANSMATE / 2679LP01 | C12: 2 | D12: 27500 | E12: =+$I$2+(MANTPS[[#This Row],[QUANTITE]]*MANTPS[[#This Row],[PRIX UNITAIRE]]) -> 55000 | G12: =+SUM(E$9:$E12)-SUM(F$9:$F12) -> 2681000
A13: 45646 | B13: PNEU 155/70R13 TRANSMATE / 3791LJ01 | C13: 2 | D13: 27500 | E13: =+$I$2+(MANTPS[[#This Row],[QUANTITE]]*MANTPS[[#This Row],[PRIX UNITAIRE]]) -> 55000 | G13: =+SUM(E$9:$E13)-SUM(F$9:$F13) -> 2736000
A14: 45649 | B14: PNEU 155/70R13 TRANSMATE / AA-151-AQ | C14: 2 | D14: 27500 | E14: =+$I$2+(MANTPS[[#This Row],[QUANTITE]]*MANTPS[[#This Row],[PRIX UNITAIRE]]) -> 55000 | G14: =+SUM(E$9:$E14)-SUM(F$9:$F14) -> 2791000
A15: 45649 | B15: PNEU 155/70R13 TRANSMATE / AA-761-AL | C15: 2 | D15: 27500 | E15: =+$I$2+(MANTPS[[#This Row],[QUANTITE]]*MANTPS[[#This Row],[PRIX UNITAIRE]]) -> 55000 | G15: =+SUM(E$9:$E15)-SUM(F$9:$F15) -> 2846000
A16: 45649 | B16: PNEU 13R22,5 MIXTE | C16: 4 | D16: 180000 | E16: =+$I$2+(MANTPS[[#This Row],[QUANTITE]]*MANTPS[[#This Row],[PRIX UNITAIRE]]) -> 720000 | G16: =+SUM(E$9:$E16)-SUM(F$9:$F16) -> 3566000
A17: 45656 | B17: PNEU 155/70R13 TRANSMATE / AA-521-AP | C17: 2 | D17: 27500 | E17: =+$I$2+(MANTPS[[#This Row],[QUANTITE]]*MANTPS[[#This Row],[PRIX UNITAIRE]]) -> 55000 | G17: =+SUM(E$9:$E17)-SUM(F$9:$F17) -> 3621000
A18: 45656 | B18: PNEU 155/70R13 TRANSMATE / 943LT01 | C18: 2 | D18: 27500 | E18: =+$I$2+(MANTPS[[#This Row],[QUANTITE]]*MANTPS[[#This Row],[PRIX UNITAIRE]]) -> 55000 | G18: =+SUM(E$9:$E18)-SUM(F$9:$F18) -> 3676000
A19: 45660 | B19: PNEU 155/70R13 TRANSMATE / AA-746-AL | C19: 2 | D19: 27500 | E19: =+$I$2+(MANTPS[[#This Row],[QUANTITE]]*MANTPS[[#This Row],[PRIX UNITAIRE]]) -> 55000 | G19: =+SUM(E$9:$E19)-SUM(F$9:$F19) -> 3731000
A20: 45661 | B20: PNEU 155/70R13 TRANSMATE / AA-239-AR | C20: 1 | D20: 27500 | E20: =+$I$2+(MANTPS[[#This Row],[QUANTITE]]*MANTPS[[#This Row],[PRIX UNITAIRE]]) -> 27500 | G20: =+SUM(E$9:$E20)-SUM(F$9:$F20) -> 3758500
A21: 45664 | B21: PNEU 155/70R13 TRANSMATE / AA-971-AP | C21: 2 | D21: 27500 | E21: =+$I$2+(MANTPS[[#This Row],[QUANTITE]]*MANTPS[[#This Row],[PRIX UNITAIRE]]) -> 55000 | G21: =+SUM(E$9:$E21)-SUM(F$9:$F21) -> 3813500
... A35: 45684 | B35: PNEU 155/70R13 TRANSMATE / AA-753-AL | C35: 1 | D35: 27500 | E35: =+$I$2+(MANTPS[[#This Row],[QUANTITE]]*MANTPS[[#This Row],[PRIX UNITAIRE]]) -> 27500 | G35: =+SUM(E$9:$E35)-SUM(F$9:$F35) -> 4751000
A36: 45684 | B36: REGLEMENT PAR CHEQUE N°6037248 | C36: 1 | D36: 0 | E36: =+$I$2+(MANTPS[[#This Row],[QUANTITE]]*MANTPS[[#This Row],[PRIX UNITAIRE]]) -> 0 | F36: 5000000 | G36: =+SUM(E$9:$E36)-SUM(F$9:$F36) -> -249000
A37: 45684 | B37: PNEU 155/70R13 TRANSMATE / AA-664-AJ | C37: 2 | D37: 27500 | E37: =+$I$2+(MANTPS[[#This Row],[QUANTITE]]*MANTPS[[#This Row],[PRIX UNITAIRE]]) -> 55000 | G37: =+SUM(E$9:$E37)-SUM(F$9:$F37) -> -194000
A38: 45685 | B38: PNEU 155/70R13 TRANSMATE / AA-751-AL | C38: 2 | D38: 27500 | E38: =+$I$2+(MANTPS[[#This Row],[QUANTITE]]*MANTPS[[#This Row],[PRIX UNITAIRE]]) -> 55000 | G38: =+SUM(E$9:$E38)-SUM(F$9:$F38) -> -139000
A39: 45691 | B39: PNEU 155/70R13 TRANSMATE / 943LT01 | C39: 2 | D39: 27500 | E39: =+$I$2+(MANTPS[[#This Row],[QUANTITE]]*MANTPS[[#This Row],[PRIX UNITAIRE]]) -> 55000 | G39: =+SUM(E$9:$E39)-SUM(F$9:$F39) -> -84000
A40: 45692 | B40: PNEU 155/70R13 TRANSMATE/ AA-663-AJ | C40: 2 | D40: 27500 | E40: =+$I$2+(MANTPS[[#This Row],[QUANTITE]]*MANTPS[[#This Row],[PRIX UNITAIRE]]) -> 55000 | G40: =+SUM(E$9:$E40)-SUM(F$9:$F40) -> -29000
A41: 45693 | B41: PNEU 155/70R13 TRANSMATE / 945LT0 | C41: 2 | D41: 27500 | E41: =+$I$2+(MANTPS[[#This Row],[QUANTITE]]*MANTPS[[#This Row],[PRIX UNITAIRE]]) -> 55000 | G41: =+SUM(E$9:$E41)-SUM(F$9:$F41) -> 26000
A42: 45695 | B42: PNEU 13R22,5 MIXTE - 6761 | C42: 2 | D42: 180000 | E42: =+$I$2+(MANTPS[[#This Row],[QUANTITE]]*MANTPS[[#This Row],[PRIX UNITAIRE]]) -> 360000 | G42: =+SUM(E$9:$E42)-SUM(F$9:$F42) -> 386000
A43: 45695 | B43: PNEU 155/70R13 TRANSMATE / AA-759-AL | C43: 1 | D43: 27500 | E43: =+$I$2+(MANTPS[[#This Row],[QUANTITE]]*MANTPS[[#This Row],[PRIX UNITAIRE]]) -> 27500 | G43: =+SUM(E$9:$E43)-SUM(F$9:$F43) -> 413500
A44: 45695 | B44: PNEU 155/70R13 TRANSMATE / 2679LP01 | C44: 1 | D44: 27500 | E44: =+$I$2+(MANTPS[[#This Row],[QUANTITE]]*MANTPS[[#This Row],[PRIX UNITAIRE]]) -> 27500 | G44: =+SUM(E$9:$E44)-SUM(F$9:$F44) -> 441000
A45: 45699 | B45: PNEU 155/70R13 TRANSMATE / 970LT01 | C45: 2 | D45: 27500 | E45: =+$I$2+(MANTPS[[#This Row],[QUANTITE]]*MANTPS[[#This Row],[PRIX UNITAIRE]]) -> 55000 | G45: =+SUM(E$9:$E45)-SUM(F$9:$F45) -> 496000
A46: 45699 | B46: PNEU 155/70R13 TRANSMATE / 1017LT01 | C46: 2 | D46: 27500 | E46: =+$I$2+(MANTPS[[#This Row],[QUANTITE]]*MANTPS[[#This Row],[PRIX UNITAIRE]]) -> 55000 | G46: =+SUM(E$9:$E46)-SUM(F$9:$F46) -> 551000
A47: 45699 | B47: PNEU 13R22,5 MIXTE | C47: 1 | D47: 180000 | E47: =+$I$2+(MANTPS[[#This Row],[QUANTITE]]*MANTPS[[#This Row],[PRIX UNITAIRE]]) -> 180000 | G47: =+SUM(E$9:$E47)-SUM(F$9:$F47) -> 731000
A48: 45707 | B48: PNEU 155/70R13 TRANSMATE/ AA-761-AL | C48: 2 | D48: 27500 | E48: =+$I$2+(MANTPS[[#This Row],[QUANTITE]]*MANTPS[[#This Row],[PRIX UNITAIRE]]) -> 55000 | G48: =+SUM(E$9:$E48)-SUM(F$9:$F48) -> 786000
... A160: 45860 | B160: PNEU 385/65R22.5 | C160: 3 | D160: 185000 | E160: =+$I$2+(MANTPS[[#This Row],[QUANTITE]]*MANTPS[[#This Row],[PRIX UNITAIRE]]) -> 555000 | G160: =+SUM(E$9:$E160)-SUM(F$9:$F160) -> 12461000
A161: 45867 | B161: PAYE PARCHEQUE | E161: =+$I$2+(MANTPS[[#This Row],[QUANTITE]]*MANTPS[[#This Row],[PRIX UNITAIRE]]) -> 0 | F161: 15000000 | G161: =+SUM(E$9:$E161)-SUM(F$9:$F161) -> -2539000
A162: 45870 | B162: PNEU 13R22.5 -1457 | C162: 2 | D162: 180000 | E162: =+$I$2+(MANTPS[[#This Row],[QUANTITE]]*MANTPS[[#This Row],[PRIX UNITAIRE]]) -> 360000 | G162: =+SUM(E$9:$E162)-SUM(F$9:$F162) -> -2179000
A163: 45871 | B163: PNEU 155/70R13 TRANSMATE | C163: 2 | D163: 27500 | E163: =+$I$2+(MANTPS[[#This Row],[QUANTITE]]*MANTPS[[#This Row],[PRIX UNITAIRE]]) -> 55000 | G163: =+SUM(E$9:$E163)-SUM(F$9:$F163) -> -2124000
A164: 45874 | B164: 1419LR01/ 155/70R13 TRANSMATE | C164: 2 | D164: 27500 | E164: =+$I$2+(MANTPS[[#This Row],[QUANTITE]]*MANTPS[[#This Row],[PRIX UNITAIRE]]) -> 55000 | G164: =+SUM(E$9:$E164)-SUM(F$9:$F164) -> -2069000
A165: 45875 | B165: PNEU 155/70R13 TRANSMATE | C165: 1 | D165: 27500 | E165: =+$I$2+(MANTPS[[#This Row],[QUANTITE]]*MANTPS[[#This Row],[PRIX UNITAIRE]]) -> 27500 | G165: =+SUM(E$9:$E165)-SUM(F$9:$F165) -> -2041500
A166: 45878 | B166: PNEU 155/70R13 TRANSMATE -AA-751AL | C166: 2 | D166: 27500 | E166: =+$I$2+(MANTPS[[#This Row],[QUANTITE]]*MANTPS[[#This Row],[PRIX UNITAIRE]]) -> 55000 | G166: =+SUM(E$9:$E166)-SUM(F$9:$F166) -> -1986500
A167: 45880 | B167: PNEU 155/70R13 TRANSMATE/AA-154 AQ | C167: 2 | D167: 27500 | E167: =+$I$2+(MANTPS[[#This Row],[QUANTITE]]*MANTPS[[#This Row],[PRIX UNITAIRE]]) -> 55000 | G167: =+SUM(E$9:$E167)-SUM(F$9:$F167) -> -1931500
A168: 45880 | B168: PNEU 155/70R13 TRANSMATE AA-746AL | C168: 2 | D168: 27500 | E168: =+$I$2+(MANTPS[[#This Row],[QUANTITE]]*MANTPS[[#This Row],[PRIX UNITAIRE]]) -> 55000 | G168: =+SUM(E$9:$E168)-SUM(F$9:$F168) -> -1876500
A169: 45883 | B169: PNEU 155/70R13 TRAN??SMATE/065LT | C169: 2 | D169: 27500 | E169: =+$I$2+(MANTPS[[#This Row],[QUANTITE]]*MANTPS[[#This Row],[PRIX UNITAIRE]]) -> 55000 | G169: =+SUM(E$9:$E169)-SUM(F$9:$F169) -> -1821500
A170: 45883 | B170: PNEU 155/70R13 TRANSMATE / 595LZ01 | C170: 2 | D170: 27500 | E170: =+$I$2+(MANTPS[[#This Row],[QUANTITE]]*MANTPS[[#This Row],[PRIX UNITAIRE]]) -> 55000 | G170: =+SUM(E$9:$E170)-SUM(F$9:$F170) -> -1766500
A171: 45884 | B171: PNEU 155/70R13 TRANSMATE /174LE | C171: 2 | D171: 27500 | E171: =+$I$2+(MANTPS[[#This Row],[QUANTITE]]*MANTPS[[#This Row],[PRIX UNITAIRE]]) -> 55000 | G171: =+SUM(E$9:$E171)-SUM(F$9:$F171) -> -1711500
A172: 45885 | B172: PNEU 155/70R13 TRANSMATE /1744LE01 | C172: 2 | D172: 27500 | E172: =+$I$2+(MANTPS[[#This Row],[QUANTITE]]*MANTPS[[#This Row],[PRIX UNITAIRE]]) -> 55000 | G172: =+SUM(E$9:$E172)-SUM(F$9:$F172) -> -1656500
A173: 45894 | B173: PNEU 155/70R13 TRANSMATE /AA-492-EQ | C173: 2 | D173: 27500 | E173: =+$I$2+(MANTPS[[#This Row],[QUANTITE]]*MANTPS[[#This Row],[PRIX UNITAIRE]]) -> 55000 | G173: =+SUM(E$9:$E173)-SUM(F$9:$F173) -> -1601500
... A240: 46008 | B240: TAPIS AUTO - 5733EV01 TOYOTA | C240: 1 | D240: 20000 | E240: =+$I$2+(MANTPS[[#This Row],[QUANTITE]]*MANTPS[[#This Row],[PRIX UNITAIRE]]) -> 20000 | G240: =+SUM(E$9:$E240)-SUM(F$9:$F240) -> 5193500
A241: 46009 | B241: PAYE CHEQUE | E241: =+$I$2+(MANTPS[[#This Row],[QUANTITE]]*MANTPS[[#This Row],[PRIX UNITAIRE]]) -> 0 | F241: 10000000 | G241: =+SUM(E$9:$E241)-SUM(F$9:$F241) -> -4806500
A242: 46013 | B242: PNEU 155/70R13 KAPSEN -AA-174-AJ | C242: 3 | D242: 27500 | E242: =+$I$2+(MANTPS[[#This Row],[QUANTITE]]*MANTPS[[#This Row],[PRIX UNITAIRE]]) -> 82500 | G242: =+SUM(E$9:$E242)-SUM(F$9:$F242) -> -4724000
A243: 46017 | B243: PNEU 155/70R13 - AA-304-EG | C243: 1 | D243: 27500 | E243: =+$I$2+(MANTPS[[#This Row],[QUANTITE]]*MANTPS[[#This Row],[PRIX UNITAIRE]]) -> 27500 | G243: =+SUM(E$9:$E243)-SUM(F$9:$F243) -> -4696500
A244: 46020 | B244: PNEU 155/70R13 KAPSEN - AA-482-EH | C244: 2 | D244: 27500 | E244: =+$I$2+(MANTPS[[#This Row],[QUANTITE]]*MANTPS[[#This Row],[PRIX UNITAIRE]]) -> 55000 | G244: =+SUM(E$9:$E244)-SUM(F$9:$F244) -> -4641500
A245: 46020 | B245: PNEU 155/70R13 KAPSEN - AA-590-EP | C245: 2 | D245: 27500 | E245: =+$I$2+(MANTPS[[#This Row],[QUANTITE]]*MANTPS[[#This Row],[PRIX UNITAIRE]]) -> 55000 | G245: =+SUM(E$9:$E245)-SUM(F$9:$F245) -> -4586500
A246: 46020 | B246: PNEU 315/80R22.5 PD -1018 | C246: 2 | D246: 160000 | E246: =+$I$2+(MANTPS[[#This Row],[QUANTITE]]*MANTPS[[#This Row],[PRIX UNITAIRE]]) -> 320000 | G246: =+SUM(E$9:$E246)-SUM(F$9:$F246) -> -4266500
A247: 46020 | B247: PNEU 385/65R22.5 - 1018 | C247: 1 | D247: 185000 | E247: =+$I$2+(MANTPS[[#This Row],[QUANTITE]]*MANTPS[[#This Row],[PRIX UNITAIRE]]) -> 185000 | G247: =+SUM(E$9:$E247)-SUM(F$9:$F247) -> -4081500
A248: 46020 | B248: PNEU 13R22.5 MIXTE - 7479 | C248: 2 | D248: 180000 | E248: =+$I$2+(MANTPS[[#This Row],[QUANTITE]]*MANTPS[[#This Row],[PRIX UNITAIRE]]) -> 360000 | G248: =+SUM(E$9:$E248)-SUM(F$9:$F248) -> -3721500
A249: 46024 | B249: PNEU 155/7013 KAPSEN - AA-663 | C249: 2 | D249: 27500 | E249: =+$I$2+(MANTPS[[#This Row],[QUANTITE]]*MANTPS[[#This Row],[PRIX UNITAIRE]]) -> 55000 | G249: =+SUM(E$9:$E249)-SUM(F$9:$F249) -> -3666500
A250: 46027 | B250: PNEU 155/70R13 KAPSEN - AA-174-AQ | C250: 2 | D250: 27500 | E250: =+$I$2+(MANTPS[[#This Row],[QUANTITE]]*MANTPS[[#This Row],[PRIX UNITAIRE]]) -> 55000 | G250: =+SUM(E$9:$E250)-SUM(F$9:$F250) -> -3611500
B251: 29/12/2025 PNEU 155/70R13 KAPSEN AA-257-AP | C251: 2 | D251: 27500 | E251: =+$I$2+(MANTPS[[#This Row],[QUANTITE]]*MANTPS[[#This Row],[PRIX UNITAIRE]]) -> 55000 | G251: =+SUM(E$9:$E251)-SUM(F$9:$F251) -> -3556500
B252: 29/12/2025 PNEU 155/70R13 KAPSEN AA-753-AL | C252: 2 | D252: 27500 | E252: =+$I$2+(MANTPS[[#This Row],[QUANTITE]]*MANTPS[[#This Row],[PRIX UNITAIRE]]) -> 55000 | G252: =+SUM(E$9:$E252)-SUM(F$9:$F252) -> -3501500
B253: 03/01/2026 - AA-309 PNEU 155/70R13 | C253: 2 | D253: 27500 | E253: =+$I$2+(MANTPS[[#This Row],[QUANTITE]]*MANTPS[[#This Row],[PRIX UNITAIRE]]) -> 55000 | G253: =+SUM(E$9:$E253)-SUM(F$9:$F253) -> -3446500
A254: 46029 | B254: PNEU 155/70R13 KAPSEN - AA-987-AP | C254: 2 | D254: 27500 | E254: =+$I$2+(MANTPS[[#This Row],[QUANTITE]]*MANTPS[[#This Row],[PRIX UNITAIRE]]) -> 55000 | G254: =+SUM(E$9:$E254)-SUM(F$9:$F254) -> -3391500
A255: 46032 | B255: PNEU 155/70R13 KAPSEN - AA-154-AQ | C255: 1 | D255: 27500 | E255: =+$I$2+(MANTPS[[#This Row],[QUANTITE]]*MANTPS[[#This Row],[PRIX UNITAIRE]]) -> 27500 | G255: =+SUM(E$9:$E255)-SUM(F$9:$F255) -> -3364000
A256: 46035 | B256: PNEU 155/70R13 KAPSEN - 1419LR01 | C256: 2 | D256: 27500 | E256: =+$I$2+(MANTPS[[#This Row],[QUANTITE]]*MANTPS[[#This Row],[PRIX UNITAIRE]]) -> 55000 | G256: =+SUM(E$9:$E256)-SUM(F$9:$F256) -> -3309000
A257: 46036 | B257: PNEU 155/70R13 KPASEN - 891LT01 | C257: 2 | D257: 27500 | E257: =+$I$2+(MANTPS[[#This Row],[QUANTITE]]*MANTPS[[#This Row],[PRIX UNITAIRE]]) -> 55000 | G257: =+SUM(E$9:$E257)-SUM(F$9:$F257) -> -3254000
A258: 46037 | B258: PNEU 155/70R13 KAPSEN | C258: 2 | D258: 27500 | E258: =+$I$2+(MANTPS[[#This Row],[QUANTITE]]*MANTPS[[#This Row],[PRIX UNITAIRE]]) -> 55000 | G258: =+SUM(E$9:$E258)-SUM(F$9:$F258) -> -3199000
A259: 46039 | B259: PNEU 155/70R13 KAPSEN - 1024LT01 | C259: 2 | D259: 27500 | E259: =+$I$2+(MANTPS[[#This Row],[QUANTITE]]*MANTPS[[#This Row],[PRIX UNITAIRE]]) -> 55000 | G259: =+SUM(E$9:$E259)-SUM(F$9:$F259) -> -3144000
A260: 46042 | B260: PNEU 155/70R13 KAPSEN - AA-167-AQ | C260: 2 | D260: 27500 | E260: =+$I$2+(MANTPS[[#This Row],[QUANTITE]]*MANTPS[[#This Row],[PRIX UNITAIRE]]) -> 55000 | G260: =+SUM(E$9:$E260)-SUM(F$9:$F260) -> -3089000
A261: 46043 | B261: PNEU 155/70R22.5 KAPSEN - AA-310-EG | C261: 2 | D261: 27500 | E261: =+$I$2+(MANTPS[[#This Row],[QUANTITE]]*MANTPS[[#This Row],[PRIX UNITAIRE]]) -> 55000 | G261: =+SUM(E$9:$E261)-SUM(F$9:$F261) -> -3034000
A262: 46046 | B262: PNEU 155/70R13 -AA-751-AL | C262: 2 | D262: 27500 | E262: =+$I$2+(MANTPS[[#This Row],[QUANTITE]]*MANTPS[[#This Row],[PRIX UNITAIRE]]) -> 55000 | G262: =+SUM(E$9:$E262)-SUM(F$9:$F262) -> -2979000
A263: 46048 | B263: PNEU 155.70R13 KAPSEN - AA-304-EQ | C263: 1 | D263: 27500 | E263: =+$I$2+(MANTPS[[#This Row],[QUANTITE]]*MANTPS[[#This Row],[PRIX UNITAIRE]]) -> 27500 | G263: =+SUM(E$9:$E263)-SUM(F$9:$F263) -> -2951500
A264: 46049 | B264: PNEU 155/70R13 KAPSEN - AA-306-EQ | C264: 1 | D264: 27500 | E264: =+$I$2+(MANTPS[[#This Row],[QUANTITE]]*MANTPS[[#This Row],[PRIX UNITAIRE]]) -> 27500 | G264: =+SUM(E$9:$E264)-SUM(F$9:$F264) -> -2924000
A265: 46052 | B265: PNEU 155/70R13 AA-151 AQ | C265: 3 | D265: 27500 | E265: =+$I$2+(MANTPS[[#This Row],[QUANTITE]]*MANTPS[[#This Row],[PRIX UNITAIRE]]) -> 82500 | G265: =+SUM(E$9:$E265)-SUM(F$9:$F265) -> -2841500
... A272: 46060 | B272: PNEU 155/70R13 KAPSEN AA419EF | C272: 2 | D272: 27500 | E272: =+$I$2+(MANTPS[[#This Row],[QUANTITE]]*MANTPS[[#This Row],[PRIX UNITAIRE]]) -> 55000 | G272: =+SUM(E$9:$E272)-SUM(F$9:$F272) -> -2539000
B273: 03/02/2026 - PNEU 13R22.5 GD | C273: 2 | D273: 185000 | E273: =+$I$2+(MANTPS[[#This Row],[QUANTITE]]*MANTPS[[#This Row],[PRIX UNITAIRE]]) -> 370000 | G273: =+SUM(E$9:$E273)-SUM(F$9:$F273) -> -2169000
B274: 04/02/2026 - PNEU 315/80R22.5 - 2419 | C274: 2 | D274: 160000 | E274: =+$I$2+(MANTPS[[#This Row],[QUANTITE]]*MANTPS[[#This Row],[PRIX UNITAIRE]]) -> 320000 | G274: =+SUM(E$9:$E274)-SUM(F$9:$F274) -> -1849000
A275: 46064 | B275: PNEU 155/70R13 KAPSEN - AA-749-AL | C275: 2 | D275: 27500 | E275: =+$I$2+(MANTPS[[#This Row],[QUANTITE]]*MANTPS[[#This Row],[PRIX UNITAIRE]]) -> 55000 | G275: =+SUM(E$9:$E275)-SUM(F$9:$F275) -> -1794000
A276: 46064 | B276: PNEU 155/70R13 KAPSEN - 970 LT 01 | C276: 1 | D276: 27500 | E276: =+$I$2+(MANTPS[[#This Row],[QUANTITE]]*MANTPS[[#This Row],[PRIX UNITAIRE]]) -> 27500 | G276: =+SUM(E$9:$E276)-SUM(F$9:$F276) -> -1766500
A277: 46064 | B277: PNEU 385/65R22.5 DRIVEMASTER 278JH01 | C277: 4 | D277: 185000 | E277: =+$I$2+(MANTPS[[#This Row],[QUANTITE]]*MANTPS[[#This Row],[PRIX UNITAIRE]]) -> 740000 | G277: =+SUM(E$9:$E277)-SUM(F$9:$F277) -> -1026500
A278: 46069 | B278: PNEU 155/70R13 KAPSEN - AA-174-AJ | C278: 2 | D278: 27500 | E278: =+$I$2+(MANTPS[[#This Row],[QUANTITE]]*MANTPS[[#This Row],[PRIX UNITAIRE]]) -> 55000 | G278: =+SUM(E$9:$E278)-SUM(F$9:$F278) -> -971500
A279: 46074 | B279: PNEU 155/70R13 KAPSEN AA-478-EH | C279: 2 | D279: 27500 | E279: =+$I$2+(MANTPS[[#This Row],[QUANTITE]]*MANTPS[[#This Row],[PRIX UNITAIRE]]) -> 55000 | G279: =+SUM(E$9:$E279)-SUM(F$9:$F279) -> -916500
A280: 46085 | B280: PNEU 155/70R13 KAPSEN | C280: 2 | D280: 27500 | E280: =+$I$2+(MANTPS[[#This Row],[QUANTITE]]*MANTPS[[#This Row],[PRIX UNITAIRE]]) -> 55000 | G280: =+SUM(E$9:$E280)-SUM(F$9:$F280) -> -861500
A281: 46086 | B281: PNEU 155/70R13 KPASEN - 891LT01 | C281: 2 | D281: 27500 | E281: =+$I$2+(MANTPS[[#This Row],[QUANTITE]]*MANTPS[[#This Row],[PRIX UNITAIRE]]) -> 55000 | G281: =+SUM(E$9:$E281)-SUM(F$9:$F281) -> -806500
A282: 46088 | B282: PNEU 155/70R13 KAPSEN AA492EQ | C282: 2 | D282: 27500 | E282: =+$I$2+(MANTPS[[#This Row],[QUANTITE]]*MANTPS[[#This Row],[PRIX UNITAIRE]]) -> 55000 | G282: =+SUM(E$9:$E282)-SUM(F$9:$F282) -> -751500
A283: 46088 | B283: PNEU 155/70R13 KAPSEN - AA-297-EG | C283: 2 | D283: 27500 | E283: =+$I$2+(MANTPS[[#This Row],[QUANTITE]]*MANTPS[[#This Row],[PRIX UNITAIRE]]) -> 55000 | G283: =+SUM(E$9:$E283)-SUM(F$9:$F283) -> -696500
A284: 46093 | B284: PNEU 155/70R13 KAPSEN AA 492 EQ | C284: 2 | D284: 27500 | E284: =+$I$2+(MANTPS[[#This Row],[QUANTITE]]*MANTPS[[#This Row],[PRIX UNITAIRE]]) -> 55000 | G284: =+SUM(E$9:$E284)-SUM(F$9:$F284) -> -641500
A285: 46098 | B285: PNEU 155/70R13 KAPSEN 1020LT01 | C285: 2 | D285: 27500 | E285: =+$I$2+(MANTPS[[#This Row],[QUANTITE]]*MANTPS[[#This Row],[PRIX UNITAIRE]]) -> 55000 | G285: =+SUM(E$9:$E285)-SUM(F$9:$F285) -> -586500
A286: 46099 | B286: PNEU 155/70R22.5 KAPSEN - AA-171-AQ | C286: 2 | D286: 27500 | E286: =+$I$2+(MANTPS[[#This Row],[QUANTITE]]*MANTPS[[#This Row],[PRIX UNITAIRE]]) -> 55000 | G286: =+SUM(E$9:$E286)-SUM(F$9:$F286) -> -531500
E287: =+$I$2+(MANTPS[[#This Row],[QUANTITE]]*MANTPS[[#This Row],[PRIX UNITAIRE]]) -> 0 | G287: =+SUM(E$9:$E287)-SUM(F$9:$F287) -> -531500
E288: =+$I$2+(MANTPS[[#This Row],[QUANTITE]]*MANTPS[[#This Row],[PRIX UNITAIRE]]) -> 0 | G288: =+SUM(E$9:$E288)-SUM(F$9:$F288) -> -531500
E289: =+$I$2+(MANTPS[[#This Row],[QUANTITE]]*MANTPS[[#This Row],[PRIX UNITAIRE]]) -> 0 | G289: =+SUM(E$9:$E289)-SUM(F$9:$F289) -> -531500
E290: =+$I$2+(MANTPS[[#This Row],[QUANTITE]]*MANTPS[[#This Row],[PRIX UNITAIRE]]) -> 0 | G290: =+SUM(E$9:$E290)-SUM(F$9:$F290) -> -531500
C291: 0 | D291: 0 | E291: 0 | G291: =+SUM(E$9:$E291)-SUM(F$9:$F291) -> -531500

Sheet HACHICH INDIEN
I2: 0
D3: ANNEE | E3: CHIFFRE AFFAIRE | F3: TOTAL VERSEMENT | G3: SOLDE
D4: BILAN | E4: =+SUM(HACHICHINDIEN[TOTAL MONTANT]) -> 940000 | F4: =+SUM(HACHICHINDIEN[VERSEMENT]) -> 940000 | G4: =+E4-F4 -> 0
B5: NOM CLIENT
B6: HACHICH INDIEN
A8: DATE | B8: DESIGNATION | C8: QUANTITE | D8: PRIX UNITAIRE | E8: TOTAL MONTANT | F8: VERSEMENT | G8: SOLDE
A9: 45779 | B9: PNEU 315/80R22.5 BLACKRIDER | C9: 6 | D9: 130000 | E9: =+$I$2+(HACHICHINDIEN[[#This Row],[QUANTITE]]*HACHICHINDIEN[[#This Row],[PRIX UNITAIRE]]) -> 780000 | G9: =+SUM(E$9:$E9)-SUM(F$9:$F9) -> 780000
A10: 45779 | B10: PNEU 295/80R22.5 ZEXTOUR | C10: 1 | D10: 70000 | E10: =+$I$2+(HACHICHINDIEN[[#This Row],[QUANTITE]]*HACHICHINDIEN[[#This Row],[PRIX UNITAIRE]]) -> 70000 | G10: =+HACHICHINDIEN[[#This Row],[TOTAL MONTANT]]-HACHICHINDIEN[[#This Row],[VERSEMENT]] -> 70000
A11: 45779 | B11: JANTE | C11: 2 | D11: 45000 | E11: =+$I$2+(HACHICHINDIEN[[#This Row],[QUANTITE]]*HACHICHINDIEN[[#This Row],[PRIX UNITAIRE]]) -> 90000 | G11: =+HACHICHINDIEN[[#This Row],[TOTAL MONTANT]]-HACHICHINDIEN[[#This Row],[VERSEMENT]] -> 90000
E12: =+$I$2+(HACHICHINDIEN[[#This Row],[QUANTITE]]*HACHICHINDIEN[[#This Row],[PRIX UNITAIRE]]) -> 0 | F12: 940000 | G12: =+HACHICHINDIEN[[#This Row],[TOTAL MONTANT]]-HACHICHINDIEN[[#This Row],[VERSEMENT]] -> -940000
E13: =+$I$2+(HACHICHINDIEN[[#This Row],[QUANTITE]]*HACHICHINDIEN[[#This Row],[PRIX UNITAIRE]]) -> 0 | G13: =+HACHICHINDIEN[[#This Row],[TOTAL MONTANT]]-HACHICHINDIEN[[#This Row],[VERSEMENT]] -> 0
E14: =+$I$2+(HACHICHINDIEN[[#This Row],[QUANTITE]]*HACHICHINDIEN[[#This Row],[PRIX UNITAIRE]]) -> 0 | G14: =+HACHICHINDIEN[[#This Row],[TOTAL MONTANT]]-HACHICHINDIEN[[#This Row],[VERSEMENT]] -> 0
E15: =+$I$2+(HACHICHINDIEN[[#This Row],[QUANTITE]]*HACHICHINDIEN[[#This Row],[PRIX UNITAIRE]]) -> 0 | G15: =+HACHICHINDIEN[[#This Row],[TOTAL MONTANT]]-HACHICHINDIEN[[#This Row],[VERSEMENT]] -> 0
E16: =+$I$2+(HACHICHINDIEN[[#This Row],[QUANTITE]]*HACHICHINDIEN[[#This Row],[PRIX UNITAIRE]]) -> 0 | G16: =+HACHICHINDIEN[[#This Row],[TOTAL MONTANT]]-HACHICHINDIEN[[#This Row],[VERSEMENT]] -> 0
E17: =+$I$2+(HACHICHINDIEN[[#This Row],[QUANTITE]]*HACHICHINDIEN[[#This Row],[PRIX UNITAIRE]]) -> 0 | G17: =+HACHICHINDIEN[[#This Row],[TOTAL MONTANT]]-HACHICHINDIEN[[#This Row],[VERSEMENT]] -> 0
E18: =+$I$2+(HACHICHINDIEN[[#This Row],[QUANTITE]]*HACHICHINDIEN[[#This Row],[PRIX UNITAIRE]]) -> 0 | G18: =+HACHICHINDIEN[[#This Row],[TOTAL MONTANT]]-HACHICHINDIEN[[#This Row],[VERSEMENT]] -> 0
E19: =+$I$2+(HACHICHINDIEN[[#This Row],[QUANTITE]]*HACHICHINDIEN[[#This Row],[PRIX UNITAIRE]]) -> 0 | G19: =+HACHICHINDIEN[[#This Row],[TOTAL MONTANT]]-HACHICHINDIEN[[#This Row],[VERSEMENT]] -> 0
E20: =+$I$2+(HACHICHINDIEN[[#This Row],[QUANTITE]]*HACHICHINDIEN[[#This Row],[PRIX UNITAIRE]]) -> 0 | G20: =+HACHICHINDIEN[[#This Row],[TOTAL MONTANT]]-HACHICHINDIEN[[#This Row],[VERSEMENT]] -> 0
E21: =+$I$2+(HACHICHINDIEN[[#This Row],[QUANTITE]]*HACHICHINDIEN[[#This Row],[PRIX UNITAIRE]]) -> 0 | G21: =+HACHICHINDIEN[[#This Row],[TOTAL MONTANT]]-HACHICHINDIEN[[#This Row],[VERSEMENT]] -> 0
E22: =+$I$2+(HACHICHINDIEN[[#This Row],[QUANTITE]]*HACHICHINDIEN[[#This Row],[PRIX UNITAIRE]]) -> 0 | G22: =+HACHICHINDIEN[[#This Row],[TOTAL MONTANT]]-HACHICHINDIEN[[#This Row],[VERSEMENT]] -> 0
E23: =+$I$2+(HACHICHINDIEN[[#This Row],[QUANTITE]]*HACHICHINDIEN[[#This Row],[PRIX UNITAIRE]]) -> 0 | G23: =+HACHICHINDIEN[[#This Row],[TOTAL MONTANT]]-HACHICHINDIEN[[#This Row],[VERSEMENT]] -> 0
E24: =+$I$2+(HACHICHINDIEN[[#This Row],[QUANTITE]]*HACHICHINDIEN[[#This Row],[PRIX UNITAIRE]]) -> 0 | G24: =+HACHICHINDIEN[[#This Row],[TOTAL MONTANT]]-HACHICHINDIEN[[#This Row],[VERSEMENT]] -> 0
... E71: =+$I$2+(HACHICHINDIEN[[#This Row],[QUANTITE]]*HACHICHINDIEN[[#This Row],[PRIX UNITAIRE]]) -> 0 | G71: =+HACHICHINDIEN[[#This Row],[TOTAL MONTANT]]-HACHICHINDIEN[[#This Row],[VERSEMENT]] -> 0

Sheet DIVERS CLIENT
I2: 0
D3: ANNEE | E3: CHIFFRE AFFAIRE | F3: TOTAL VERSEMENT | G3: SOLDE
D4: BILAN | E4: =+SUM(DIVERSCLIENTS[TOTAL MONTANT]) -> 8662000 | F4: =+SUM(DIVERSCLIENTS[VERSEMENT]) -> 4462000 | G4: =+E4-F4 -> 4200000
B5: NOM CLIENT
B6: DIVERS CLIENTS
A8: DATE | B8: NOM CLIENT | C8: DESIGNATION | D8: QUANTITE | E8: PRIX UNITAIRE | F8: TOTAL MONTANT | G8: VERSEMENT | H8: SOLDE
A9: 45863 | C9: NETCOM | F9: =+$I$2+(DIVERSCLIENTS[[#This Row],[QUANTITE]]*DIVERSCLIENTS[[#This Row],[PRIX UNITAIRE]]) -> 0 | H9: =+SUM($F$9:F9)-SUM($G$9:G9) -> 0
A10: 45863 | C10: PNEU BLACKRIDER 315/80R22.5 MIXTE | D10: 4 | E10: 150000 | F10: =+$I$2+(DIVERSCLIENTS[[#This Row],[QUANTITE]]*DIVERSCLIENTS[[#This Row],[PRIX UNITAIRE]]) -> 600000 | H10: =+SUM($F$9:F10)-SUM($G$9:G10) -> 600000
A11: 45863 | C11: PNEU 13R22.5 | D11: 1 | E11: 165000 | F11: =+$I$2+(DIVERSCLIENTS[[#This Row],[QUANTITE]]*DIVERSCLIENTS[[#This Row],[PRIX UNITAIRE]]) -> 165000 | H11: =+SUM($F$9:F11)-SUM($G$9:G11) -> 765000
A12: 45863 | C12: PNEU 385/65R22.5 LONGTRACK | D12: 2 | E12: 185000 | F12: =+$I$2+(DIVERSCLIENTS[[#This Row],[QUANTITE]]*DIVERSCLIENTS[[#This Row],[PRIX UNITAIRE]]) -> 370000 | H12: =+SUM($F$9:F12)-SUM($G$9:G12) -> 1135000
A13: 45863 | C13: BATTERIE 150 AH AUTO ENERGY | D13: 4 | E13: 110000 | F13: =+$I$2+(DIVERSCLIENTS[[#This Row],[QUANTITE]]*DIVERSCLIENTS[[#This Row],[PRIX UNITAIRE]]) -> 440000 | H13: =+SUM($F$9:F13)-SUM($G$9:G13) -> 1575000
A14: 45863 | C14: PAYE PAR CHEQUE | F14: =+$I$2+(DIVERSCLIENTS[[#This Row],[QUANTITE]]*DIVERSCLIENTS[[#This Row],[PRIX UNITAIRE]]) -> 0 | G14: 1575000 | H14: =+SUM($F$9:F14)-SUM($G$9:G14) -> 0
A15: 45896 | C15: BATTERIE 75 AH LION KING MR ZALZALE | D15: 1 | E15: 65000 | F15: =+$I$2+(DIVERSCLIENTS[[#This Row],[QUANTITE]]*DIVERSCLIENTS[[#This Row],[PRIX UNITAIRE]]) -> 65000 | H15: =+SUM($F$9:F15)-SUM($G$9:G15) -> 65000
A16: 45896 | C16: EVAPEAU DE CLIM KIA MR ZALZALE | D16: 1 | E16: 200000 | F16: =+$I$2+(DIVERSCLIENTS[[#This Row],[QUANTITE]]*DIVERSCLIENTS[[#This Row],[PRIX UNITAIRE]]) -> 200000 | H16: =+SUM($F$9:F16)-SUM($G$9:G16) -> 265000
C17: TOLERIE PËINTURE KIA MR ZALZALE | D17: 1 | E17: 300000 | F17: =+$I$2+(DIVERSCLIENTS[[#This Row],[QUANTITE]]*DIVERSCLIENTS[[#This Row],[PRIX UNITAIRE]]) -> 300000 | H17: =+SUM($F$9:F17)-SUM($G$9:G17) -> 565000
C18: B ATTERIE 100 MR ZALZALE | D18: 2 | E18: 80000 | F18: =+$I$2+(DIVERSCLIENTS[[#This Row],[QUANTITE]]*DIVERSCLIENTS[[#This Row],[PRIX UNITAIRE]]) -> 160000 | H18: =+SUM($F$9:F18)-SUM($G$9:G18) -> 725000
A19: 45913 | C19: TOLERIE/PEINTURE/POLYESTER GHALEB Z | D19: 1 | E19: 400000 | F19: =+$I$2+(DIVERSCLIENTS[[#This Row],[QUANTITE]]*DIVERSCLIENTS[[#This Row],[PRIX UNITAIRE]]) -> 400000 | H19: =+SUM($F$9:F19)-SUM($G$9:G19) -> 1125000
A20: 45913 | C20: AGRAPHE/PASSAGE DE ROUX / GHALEB .Z | D20: 1 | E20: 35000 | F20: =+$I$2+(DIVERSCLIENTS[[#This Row],[QUANTITE]]*DIVERSCLIENTS[[#This Row],[PRIX UNITAIRE]]) -> 35000 | H20: =+SUM($F$9:F20)-SUM($G$9:G20) -> 1160000
A21: 45913 | C21: ANTI BROUILLARD /GHALEB.Z | D21: 1 | E21: 85000 | F21: =+$I$2+(DIVERSCLIENTS[[#This Row],[QUANTITE]]*DIVERSCLIENTS[[#This Row],[PRIX UNITAIRE]]) -> 85000 | H21: =+SUM($F$9:F21)-SUM($G$9:G21) -> 1245000
A22: 45913 | C22: PAR BRISE /GHALEB .Z | D22: 1 | E22: 90000 | F22: =+$I$2+(DIVERSCLIENTS[[#This Row],[QUANTITE]]*DIVERSCLIENTS[[#This Row],[PRIX UNITAIRE]]) -> 90000 | H22: =+SUM($F$9:F22)-SUM($G$9:G22) -> 1335000
A23: 45913 | C23: PHARE AVANT /GHALEB.Z | D23: 1 | E23: 190000 | F23: =+$I$2+(DIVERSCLIENTS[[#This Row],[QUANTITE]]*DIVERSCLIENTS[[#This Row],[PRIX UNITAIRE]]) -> 190000 | H23: =+SUM($F$9:F23)-SUM($G$9:G23) -> 1525000
A24: 45897 | C24: HAUT PARLEUR / KIA MR ZALZALE | D24: 1 | E24: 170000 | F24: =+$I$2+(DIVERSCLIENTS[[#This Row],[QUANTITE]]*DIVERSCLIENTS[[#This Row],[PRIX UNITAIRE]]) -> 170000 | H24: =+SUM($F$9:F24)-SUM($G$9:G24) -> 1695000
A25: 45938 | C25: BATTERIE 90 AH LION KING/MOHAMED ALII NASSAR | D25: 1 | E25: 45000 | F25: =+$I$2+(DIVERSCLIENTS[[#This Row],[QUANTITE]]*DIVERSCLIENTS[[#This Row],[PRIX UNITAIRE]]) -> 45000 | H25: =+SUM($F$9:F25)-SUM($G$9:G25) -> 1740000
A26: 45939 | C26: BATTERIE 75 AH ESAN VOISIN | D26: 1 | E26: 50000 | F26: =+$I$2+(DIVERSCLIENTS[[#This Row],[QUANTITE]]*DIVERSCLIENTS[[#This Row],[PRIX UNITAIRE]]) -> 50000 | H26: =+SUM($F$9:F26)-SUM($G$9:G26) -> 1790000
A27: 45939 | C27: PNEU 245/45R18 GLEDE /MOHAMED ALI ZALZLAE | D27: 1 | E27: 50000 | F27: =+$I$2+(DIVERSCLIENTS[[#This Row],[QUANTITE]]*DIVERSCLIENTS[[#This Row],[PRIX UNITAIRE]]) -> 50000 | H27: =+SUM($F$9:F27)-SUM($G$9:G27) -> 1840000
A28: 45943 | C28: INOUSSA / 315/80R22.5 | D28: 10 | E28: 110000 | F28: =+$I$2+(DIVERSCLIENTS[[#This Row],[QUANTITE]]*DIVERSCLIENTS[[#This Row],[PRIX UNITAIRE]]) -> 1100000 | H28: =+SUM($F$9:F28)-SUM($G$9:G28) -> 2940000
A29: 45943 | C29: INOUSSA/385/65R22.5 | D29: 2 | E29: 130000 | F29: =+$I$2+(DIVERSCLIENTS[[#This Row],[QUANTITE]]*DIVERSCLIENTS[[#This Row],[PRIX UNITAIRE]]) -> 260000 | H29: =+SUM($F$9:F29)-SUM($G$9:G29) -> 3200000
C30: BATTERIE 75 AH | D30: 40 | E30: 30000 | F30: =+$I$2+(DIVERSCLIENTS[[#This Row],[QUANTITE]]*DIVERSCLIENTS[[#This Row],[PRIX UNITAIRE]]) -> 1200000 | G30: 1000000 | H30: =+SUM($F$9:F30)-SUM($G$9:G30) -> 3400000
C31: BATTERIE 150 AH | D31: 10 | E31: 70000 | F31: =+$I$2+(DIVERSCLIENTS[[#This Row],[QUANTITE]]*DIVERSCLIENTS[[#This Row],[PRIX UNITAIRE]]) -> 700000 | G31: 700000 | H31: =+SUM($F$9:F31)-SUM($G$9:G31) -> 3400000
F32: =+$I$2+(DIVERSCLIENTS[[#This Row],[QUANTITE]]*DIVERSCLIENTS[[#This Row],[PRIX UNITAIRE]]) -> 0 | H32: =+SUM($F$9:F32)-SUM($G$9:G32) -> 3400000
A33: 45983 | C33: Mme SADIA BOUGIES + PARALLELISME | D33: 1 | E33: 45000 | F33: =+$I$2+(DIVERSCLIENTS[[#This Row],[QUANTITE]]*DIVERSCLIENTS[[#This Row],[PRIX UNITAIRE]]) -> 45000 | G33: 45000 | H33: =+SUM($F$9:F33)-SUM($G$9:G33) -> 3400000
A34: 45990 | C34: BATTERIE 75AH / KONE MAMADOU | F34: =+$I$2+(DIVERSCLIENTS[[#This Row],[QUANTITE]]*DIVERSCLIENTS[[#This Row],[PRIX UNITAIRE]]) -> 0 | H34: =+SUM($F$9:F34)-SUM($G$9:G34) -> 3400000
A35: 45988 | C35: PNEU 385/65R22.5 - EKDS ADONIS | D35: 0 | E35: 0 | F35: =+$I$2+(DIVERSCLIENTS[[#This Row],[QUANTITE]]*DIVERSCLIENTS[[#This Row],[PRIX UNITAIRE]]) -> 0 | H35: =+SUM($F$9:F35)-SUM($G$9:G35) -> 3400000
A36: 45994 | C36: BATTERIE 75AH BOSCH - ZALZALE GABI | D36: 2 | E36: 70000 | F36: =+$I$2+(DIVERSCLIENTS[[#This Row],[QUANTITE]]*DIVERSCLIENTS[[#This Row],[PRIX UNITAIRE]]) -> 140000 | H36: =+SUM($F$9:F36)-SUM($G$9:G36) -> 3540000
A37: 46007 | C37: VIDANGE COMPLET - KARIM GANDOUR / HYUNDAI | D37: 1 | E37: 70000 | F37: =+$I$2+(DIVERSCLIENTS[[#This Row],[QUANTITE]]*DIVERSCLIENTS[[#This Row],[PRIX UNITAIRE]]) -> 70000 | G37: 70000 | H37: =+SUM($F$9:F37)-SUM($G$9:G37) -> 3540000
A38: 46004 | C38: LIQUIDE DE REFROIDISSEMENT VC | D38: 1 | E38: 130000 | F38: =+$I$2+(DIVERSCLIENTS[[#This Row],[QUANTITE]]*DIVERSCLIENTS[[#This Row],[PRIX UNITAIRE]]) -> 130000 | G38: 130000 | H38: =+SUM($F$9:F38)-SUM($G$9:G38) -> 3540000
A39: 46034 | C39: GABRIS ZALZALE BBATERIE 200 AH | D39: 2 | F39: =+$I$2+(DIVERSCLIENTS[[#This Row],[QUANTITE]]*DIVERSCLIENTS[[#This Row],[PRIX UNITAIRE]]) -> 0 | H39: =+SUM($F$9:F39)-SUM($G$9:G39) -> 3540000
A40: 46034 | C40: HASSAN HAMOUD 2 PNEU | D40: 2 | E40: 45000 | F40: =+$I$2+(DIVERSCLIENTS[[#This Row],[QUANTITE]]*DIVERSCLIENTS[[#This Row],[PRIX UNITAIRE]]) -> 90000 | H40: =+SUM($F$9:F40)-SUM($G$9:G40) -> 3630000
A41: 46036 | C41: PNEU 235/55R17 GLEDE /NOEL AKIL | D41: 4 | E41: 45000 | F41: =+$I$2+(DIVERSCLIENTS[[#This Row],[QUANTITE]]*DIVERSCLIENTS[[#This Row],[PRIX UNITAIRE]]) -> 180000 | G41: 180000 | H41: =+SUM($F$9:F41)-SUM($G$9:G41) -> 3630000
A42: 46036 | C42: AMPOULE DE PHARE / NOEL AKIL | F42: =+$I$2+(DIVERSCLIENTS[[#This Row],[QUANTITE]]*DIVERSCLIENTS[[#This Row],[PRIX UNITAIRE]]) -> 0 | H42: =+SUM($F$9:F42)-SUM($G$9:G42) -> 3630000
A43: 46036 | C43: PARALLELISME/ NOEL AKIL | F43: =+$I$2+(DIVERSCLIENTS[[#This Row],[QUANTITE]]*DIVERSCLIENTS[[#This Row],[PRIX UNITAIRE]]) -> 0 | H43: =+SUM($F$9:F43)-SUM($G$9:G43) -> 3630000
A44: 46036 | C44: KONE MAMADOU. DISQUE DE ROUX | D44: 1 | E44: 120000 | F44: =+$I$2+(DIVERSCLIENTS[[#This Row],[QUANTITE]]*DIVERSCLIENTS[[#This Row],[PRIX UNITAIRE]]) -> 120000 | G44: 120000 | H44: =+SUM($F$9:F44)-SUM($G$9:G44) -> 3630000
C45: KONE MAMADOU. PLAQUETE AV ET AR | D45: 1 | E45: 45000 | F45: =+$I$2+(DIVERSCLIENTS[[#This Row],[QUANTITE]]*DIVERSCLIENTS[[#This Row],[PRIX UNITAIRE]]) -> 45000 | G45: 45000 | H45: =+SUM($F$9:F45)-SUM($G$9:G45) -> 3630000
A46: 46048 | C46: KONE MAMADOU PNEU 215/60R18 | D46: 1 | E46: 37000 | F46: =+$I$2+(DIVERSCLIENTS[[#This Row],[QUANTITE]]*DIVERSCLIENTS[[#This Row],[PRIX UNITAIRE]]) -> 37000 | G46: 37000 | H46: =+SUM($F$9:F46)-SUM($G$9:G46) -> 3630000
A47: 46055 | C47: KIA TUCSO REPARATION CULASS /pot ech | D47: 1 | F47: =+$I$2+(DIVERSCLIENTS[[#This Row],[QUANTITE]]*DIVERSCLIENTS[[#This Row],[PRIX UNITAIRE]]) -> 0 | H47: =+SUM($F$9:F47)-SUM($G$9:G47) -> 3630000
A48: 46046 | C48: BATTERIE 150AH - BILAL | D48: 2 | E48: 80000 | F48: =+$I$2+(DIVERSCLIENTS[[#This Row],[QUANTITE]]*DIVERSCLIENTS[[#This Row],[PRIX UNITAIRE]]) -> 160000 | H48: =+SUM($F$9:F48)-SUM($G$9:G48) -> 3790000
A49: 46056 | C49: HUILE MOTEUR 10W40 5L - HADY | D49: 2 | E49: 15000 | F49: =+$I$2+(DIVERSCLIENTS[[#This Row],[QUANTITE]]*DIVERSCLIENTS[[#This Row],[PRIX UNITAIRE]]) -> 30000 | H49: =+SUM($F$9:F49)-SUM($G$9:G49) -> 3820000
A50: 46063 | C50: BATT 150AH - ABASS ZALZALE | D50: 1 | E50: 80000 | F50: =+$I$2+(DIVERSCLIENTS[[#This Row],[QUANTITE]]*DIVERSCLIENTS[[#This Row],[PRIX UNITAIRE]]) -> 80000 | G50: 80000 | H50: =+SUM($F$9:F50)-SUM($G$9:G50) -> 3820000
A51: 46070 | C51: FILS MOHMED ZALZALE - CAPTEUR DE TEMPERATURE - 780202001 - A | D51: 1 | E51: 20000 | F51: =+$I$2+(DIVERSCLIENTS[[#This Row],[QUANTITE]]*DIVERSCLIENTS[[#This Row],[PRIX UNITAIRE]]) -> 20000 | H51: =+SUM($F$9:F51)-SUM($G$9:G51) -> 3840000
A52: 46076 | C52: F ZALZALE CAPTEUR TEMPERATURE MERCO | D52: 1 | E52: 20000 | F52: =+$I$2+(DIVERSCLIENTS[[#This Row],[QUANTITE]]*DIVERSCLIENTS[[#This Row],[PRIX UNITAIRE]]) -> 20000 | H52: =+SUM($F$9:F52)-SUM($G$9:G52) -> 3860000
A53: 46076 | C53: FILS ZALZALE 5 LITRE 5W40 APEX | D53: 1 | E53: 30000 | F53: =+$I$2+(DIVERSCLIENTS[[#This Row],[QUANTITE]]*DIVERSCLIENTS[[#This Row],[PRIX UNITAIRE]]) -> 30000 | H53: =+SUM($F$9:F53)-SUM($G$9:G53) -> 3890000
A54: 46076 | C54: FILS ZALZALE FILTRE A HUILE P7177 BOSCH | D54: 1 | E54: 20000 | F54: =+$I$2+(DIVERSCLIENTS[[#This Row],[QUANTITE]]*DIVERSCLIENTS[[#This Row],[PRIX UNITAIRE]]) -> 20000 | H54: =+SUM($F$9:F54)-SUM($G$9:G54) -> 3910000
A55: 46079 | C55: GINANE VOISI? - POMPE A ESSENCE NISSAN | D55: 1 | E55: 120000 | F55: =+$I$2+(DIVERSCLIENTS[[#This Row],[QUANTITE]]*DIVERSCLIENTS[[#This Row],[PRIX UNITAIRE]]) -> 120000 | G55: 120000 | H55: =+SUM($F$9:F55)-SUM($G$9:G55) -> 3910000
A56: 46090 | C56: EXPERTISE LAMINE (VOIR DEVIS PNEU VID ) | D56: 1 | E56: 360000 | F56: =+$I$2+(DIVERSCLIENTS[[#This Row],[QUANTITE]]*DIVERSCLIENTS[[#This Row],[PRIX UNITAIRE]]) -> 360000 | G56: 360000 | H56: =+SUM($F$9:F56)-SUM($G$9:G56) -> 3910000
A57: 46095 | C57: BATTERIE 100 AH ADNAN SAYEGH | D57: 1 | E57: 50000 | F57: =+$I$2+(DIVERSCLIENTS[[#This Row],[QUANTITE]]*DIVERSCLIENTS[[#This Row],[PRIX UNITAIRE]]) -> 50000 | H57: =+SUM($F$9:F57)-SUM($G$9:G57) -> 3960000
A58: 46100 | C58: khalil pbd disque AR | D58: 1 | E58: 85000 | F58: =+$I$2+(DIVERSCLIENTS[[#This Row],[QUANTITE]]*DIVERSCLIENTS[[#This Row],[PRIX UNITAIRE]]) -> 85000 | H58: =+SUM($F$9:F58)-SUM($G$9:G58) -> 4045000
A59: 46100 | C59: PLAQUETTE AV ET AR | D59: 1 | E59: 40000 | F59: =+$I$2+(DIVERSCLIENTS[[#This Row],[QUANTITE]]*DIVERSCLIENTS[[#This Row],[PRIX UNITAIRE]]) -> 40000 | H59: =+SUM($F$9:F59)-SUM($G$9:G59) -> 4085000
A60: 46100 | C60: HUILE DE FREIN STOP | D60: 2 | E60: 10000 | F60: =+$I$2+(DIVERSCLIENTS[[#This Row],[QUANTITE]]*DIVERSCLIENTS[[#This Row],[PRIX UNITAIRE]]) -> 20000 | H60: =+SUM($F$9:F60)-SUM($G$9:G60) -> 4105000
A61: 46100 | C61: HUILE MOTEUR 10W40 5L APEX | D61: 1 | E61: 30000 | F61: =+$I$2+(DIVERSCLIENTS[[#This Row],[QUANTITE]]*DIVERSCLIENTS[[#This Row],[PRIX UNITAIRE]]) -> 30000 | H61: =+SUM($F$9:F61)-SUM($G$9:G61) -> 4135000
A62: 46100 | C62: FILTRE A AIR | D62: 1 | E62: 10000 | F62: =+$I$2+(DIVERSCLIENTS[[#This Row],[QUANTITE]]*DIVERSCLIENTS[[#This Row],[PRIX UNITAIRE]]) -> 10000 | H62: =+SUM($F$9:F62)-SUM($G$9:G62) -> 4145000
A63: 46100 | C63: FILTRE A HUILE | D63: 1 | E63: 10000 | F63: =+$I$2+(DIVERSCLIENTS[[#This Row],[QUANTITE]]*DIVERSCLIENTS[[#This Row],[PRIX UNITAIRE]]) -> 10000 | H63: =+SUM($F$9:F63)-SUM($G$9:G63) -> 4155000
A64: 46100 | C64: FILTRE A POLLEN | D64: 1 | E64: 10000 | F64: =+$I$2+(DIVERSCLIENTS[[#This Row],[QUANTITE]]*DIVERSCLIENTS[[#This Row],[PRIX UNITAIRE]]) -> 10000 | H64: =+SUM($F$9:F64)-SUM($G$9:G64) -> 4165000
A65: 46100 | C65: MAIN DOEUVRE | D65: 1 | E65: 35000 | F65: =+$I$2+(DIVERSCLIENTS[[#This Row],[QUANTITE]]*DIVERSCLIENTS[[#This Row],[PRIX UNITAIRE]]) -> 35000 | H65: =+SUM($F$9:F65)-SUM($G$9:G65) -> 4200000
F66: =+$I$2+(DIVERSCLIENTS[[#This Row],[QUANTITE]]*DIVERSCLIENTS[[#This Row],[PRIX UNITAIRE]]) -> 0 | H66: =+SUM($F$9:F66)-SUM($G$9:G66) -> 4200000
F67: =+$I$2+(DIVERSCLIENTS[[#This Row],[QUANTITE]]*DIVERSCLIENTS[[#This Row],[PRIX UNITAIRE]]) -> 0 | H67: =+SUM($F$9:F67)-SUM($G$9:G67) -> 4200000
F68: =+$I$2+(DIVERSCLIENTS[[#This Row],[QUANTITE]]*DIVERSCLIENTS[[#This Row],[PRIX UNITAIRE]]) -> 0 | H68: =+SUM($F$9:F68)-SUM($G$9:G68) -> 4200000
F69: =+$I$2+(DIVERSCLIENTS[[#This Row],[QUANTITE]]*DIVERSCLIENTS[[#This Row],[PRIX UNITAIRE]]) -> 0 | H69: =+SUM($F$9:F69)-SUM($G$9:G69) -> 4200000

Sheet SOGODO
I2: 0
D3: ANNEE | E3: CHIFFRE AFFAIRE | F3: TOTAL VERSEMENT | G3: SOLDE
D4: BILAN | E4: =+SUM(SOGODO[TOTAL MONTANT]) -> 2047500 | F4: =+SUM(SOGODO[VERSEMENT]) -> 1000000 | G4: =+E4-F4 -> 1047500
B5: NOM CLIENT
B6: SOGODO | E6: FALSE
A8: DATE | B8: DESIGNATION | C8: QUANTITE | D8: PRIX UNITAIRE | E8: TOTAL MONTANT | F8: VERSEMENT | G8: SOLDE
A9: 45788 | B9: DEPART | C9: 1 | D9: 220000 | E9: =+$I$2+(SOGODO[[#This Row],[QUANTITE]]*SOGODO[[#This Row],[PRIX UNITAIRE]]) -> 220000 | G9: =+SUM(E$9:$E9)-SUM(F$9:$F9) -> 220000
A10: 45789 | B10: PNEU 315/80R22.5 ECOSAVER | C10: 13 | D10: 110000 | E10: =+$I$2+(SOGODO[[#This Row],[QUANTITE]]*SOGODO[[#This Row],[PRIX UNITAIRE]]) -> 1430000 | G10: =+SUM(E$9:$E10)-SUM(F$9:$F10) -> 1650000
A11: 45790 | B11: PNEU385/65R22.5 ECOSAVER | C11: 3 | D11: 132500 | E11: =+$I$2+(SOGODO[[#This Row],[QUANTITE]]*SOGODO[[#This Row],[PRIX UNITAIRE]]) -> 397500 | G11: =+SUM(E$9:$E11)-SUM(F$9:$F11) -> 2047500
E12: =+$I$2+(SOGODO[[#This Row],[QUANTITE]]*SOGODO[[#This Row],[PRIX UNITAIRE]]) -> 0 | F12: 1000000 | G12: =+SUM(E$9:$E12)-SUM(F$9:$F12) -> 1047500
E13: =+$I$2+(SOGODO[[#This Row],[QUANTITE]]*SOGODO[[#This Row],[PRIX UNITAIRE]]) -> 0 | G13: =+SUM(E$9:$E13)-SUM(F$9:$F13) -> 1047500
E14: =+$I$2+(SOGODO[[#This Row],[QUANTITE]]*SOGODO[[#This Row],[PRIX UNITAIRE]]) -> 0 | G14: =+SUM(E$9:$E14)-SUM(F$9:$F14) -> 1047500
E15: =+$I$2+(SOGODO[[#This Row],[QUANTITE]]*SOGODO[[#This Row],[PRIX UNITAIRE]]) -> 0 | G15: =+SUM(E$9:$E15)-SUM(F$9:$F15) -> 1047500
E16: =+$I$2+(SOGODO[[#This Row],[QUANTITE]]*SOGODO[[#This Row],[PRIX UNITAIRE]]) -> 0 | G16: =+SUM(E$9:$E16)-SUM(F$9:$F16) -> 1047500
E17: =+$I$2+(SOGODO[[#This Row],[QUANTITE]]*SOGODO[[#This Row],[PRIX UNITAIRE]]) -> 0 | G17: =+SUM(E$9:$E17)-SUM(F$9:$F17) -> 1047500
E18: =+$I$2+(SOGODO[[#This Row],[QUANTITE]]*SOGODO[[#This Row],[PRIX UNITAIRE]]) -> 0 | G18: =+SUM(E$9:$E18)-SUM(F$9:$F18) -> 1047500
E19: =+$I$2+(SOGODO[[#This Row],[QUANTITE]]*SOGODO[[#This Row],[PRIX UNITAIRE]]) -> 0 | G19: =+SUM(E$9:$E19)-SUM(F$9:$F19) -> 1047500
E20: =+$I$2+(SOGODO[[#This Row],[QUANTITE]]*SOGODO[[#This Row],[PRIX UNITAIRE]]) -> 0 | G20: =+SUM(E$9:$E20)-SUM(F$9:$F20) -> 1047500
E21: =+$I$2+(SOGODO[[#This Row],[QUANTITE]]*SOGODO[[#This Row],[PRIX UNITAIRE]]) -> 0 | G21: =+SUM(E$9:$E21)-SUM(F$9:$F21) -> 1047500
E22: =+$I$2+(SOGODO[[#This Row],[QUANTITE]]*SOGODO[[#This Row],[PRIX UNITAIRE]]) -> 0 | G22: =+SUM(E$9:$E22)-SUM(F$9:$F22) -> 1047500
E23: =+$I$2+(SOGODO[[#This Row],[QUANTITE]]*SOGODO[[#This Row],[PRIX UNITAIRE]]) -> 0 | G23: =+SUM(E$9:$E23)-SUM(F$9:$F23) -> 1047500
E24: =+$I$2+(SOGODO[[#This Row],[QUANTITE]]*SOGODO[[#This Row],[PRIX UNITAIRE]]) -> 0 | G24: =+SUM(E$9:$E24)-SUM(F$9:$F24) -> 1047500
... E69: =+$I$2+(SOGODO[[#This Row],[QUANTITE]]*SOGODO[[#This Row],[PRIX UNITAIRE]]) -> 0 | G69: =+SUM(E$9:$E69)-SUM(F$9:$F69) -> 1047500

Sheet ALI CHERRI
I2: 0
D3: ANNEE | E3: CHIFFRE AFFAIRE | F3: TOTAL VERSEMENT | G3: SOLDE
D4: BILAN | E4: =+SUM(ALICHERRI[TOTAL MONTANT]) -> 1143000 | F4: =+SUM(ALICHERRI[VERSEMENT]) -> 500000 | G4: =+E4-F4 -> 643000
B5: NOM CLIENT
B6: ALI CHERRI
A8: DATE | B8: DESIGNATION | C8: QUANTITE | D8: PRIX UNITAIRE | E8: TOTAL MONTANT | F8: VERSEMENT | G8: SOLDE
A9: 45750 | B9: BATTERIE 75 AH ESAN | C9: 2 | D9: 50000 | E9: =+$I$2+(ALICHERRI[[#This Row],[QUANTITE]]*ALICHERRI[[#This Row],[PRIX UNITAIRE]]) -> 100000 | G9: =+SUM(E$9:$E9)-SUM(F$9:$F9) -> 100000
A10: 45750 | B10: BATTERIE 75 AH BEYONIX | C10: 1 | D10: 50000 | E10: =+$I$2+(ALICHERRI[[#This Row],[QUANTITE]]*ALICHERRI[[#This Row],[PRIX UNITAIRE]]) -> 50000 | G10: =+SUM(E$9:$E10)-SUM(F$9:$F10) -> 150000
A11: 45750 | B11: BATTERIE 75 AH CONTINENTAL | C11: 3 | D11: 65000 | E11: =+$I$2+(ALICHERRI[[#This Row],[QUANTITE]]*ALICHERRI[[#This Row],[PRIX UNITAIRE]]) -> 195000 | G11: =+SUM(E$9:$E11)-SUM(F$9:$F11) -> 345000
A12: 45762 | B12: CAROSAGE / EQUILIBRAGE | C12: 1 | D12: 50000 | E12: =+$I$2+(ALICHERRI[[#This Row],[QUANTITE]]*ALICHERRI[[#This Row],[PRIX UNITAIRE]]) -> 50000 | G12: =+SUM(E$9:$E12)-SUM(F$9:$F12) -> 395000
A13: 45790 | B13: BATTERIE 75 AH | C13: 1 | D13: 45000 | E13: =+$I$2+(ALICHERRI[[#This Row],[QUANTITE]]*ALICHERRI[[#This Row],[PRIX UNITAIRE]]) -> 45000 | G13: =+SUM(E$9:$E13)-SUM(F$9:$F13) -> 440000
A14: 45915 | B14: BATTERIE 74 AH B OSH | C14: 1 | D14: 80000 | E14: =+$I$2+(ALICHERRI[[#This Row],[QUANTITE]]*ALICHERRI[[#This Row],[PRIX UNITAIRE]]) -> 80000 | G14: =+SUM(E$9:$E14)-SUM(F$9:$F14) -> 520000
A15: 45916 | B15: PAYE CHEQUE | E15: =+$I$2+(ALICHERRI[[#This Row],[QUANTITE]]*ALICHERRI[[#This Row],[PRIX UNITAIRE]]) -> 0 | F15: 500000 | G15: =+SUM(E$9:$E15)-SUM(F$9:$F15) -> 20000
A16: 45918 | B16: PNEU 215/60R16 KING BOSS | C16: 4 | D16: 40000 | E16: =+$I$2+(ALICHERRI[[#This Row],[QUANTITE]]*ALICHERRI[[#This Row],[PRIX UNITAIRE]]) -> 160000 | G16: =+SUM(E$9:$E16)-SUM(F$9:$F16) -> 180000
A17: 45922 | B17: NATTERIE 75 AH ESAN | C17: 1 | D17: 50000 | E17: =+$I$2+(ALICHERRI[[#This Row],[QUANTITE]]*ALICHERRI[[#This Row],[PRIX UNITAIRE]]) -> 50000 | G17: =+SUM(E$9:$E17)-SUM(F$9:$F17) -> 230000
A18: 45925 | B18: BOULON / SIGNE NISSAN | C18: 1 | D18: 18000 | E18: =+$I$2+(ALICHERRI[[#This Row],[QUANTITE]]*ALICHERRI[[#This Row],[PRIX UNITAIRE]]) -> 18000 | G18: =+SUM(E$9:$E18)-SUM(F$9:$F18) -> 248000
A19: 45925 | B19: BALAIS ESSUI GLASS | C19: 1 | D19: 10000 | E19: =+$I$2+(ALICHERRI[[#This Row],[QUANTITE]]*ALICHERRI[[#This Row],[PRIX UNITAIRE]]) -> 10000 | G19: =+SUM(E$9:$E19)-SUM(F$9:$F19) -> 258000
A20: 45927 | B20: BALAIS ESSUI GLASS | C20: 1 | D20: 10000 | E20: =+$I$2+(ALICHERRI[[#This Row],[QUANTITE]]*ALICHERRI[[#This Row],[PRIX UNITAIRE]]) -> 10000 | G20: =+SUM(E$9:$E20)-SUM(F$9:$F20) -> 268000
A21: 45927 | B21: CRICK 5 T | C21: 1 | D21: 10000 | E21: =+$I$2+(ALICHERRI[[#This Row],[QUANTITE]]*ALICHERRI[[#This Row],[PRIX UNITAIRE]]) -> 10000 | G21: =+SUM(E$9:$E21)-SUM(F$9:$F21) -> 278000
A22: 45927 | B22: CLE D E ROUX | C22: 1 | D22: 5000 | E22: =+$I$2+(ALICHERRI[[#This Row],[QUANTITE]]*ALICHERRI[[#This Row],[PRIX UNITAIRE]]) -> 5000 | G22: =+SUM(E$9:$E22)-SUM(F$9:$F22) -> 283000
A23: 45933 | B23: BATTERIE 90 AH | C23: 1 | D23: 50000 | E23: =+$I$2+(ALICHERRI[[#This Row],[QUANTITE]]*ALICHERRI[[#This Row],[PRIX UNITAIRE]]) -> 50000 | G23: =+SUM(E$9:$E23)-SUM(F$9:$F23) -> 333000
A24: 45933 | B24: BATTERIE 75 AH ESAN | C24: 4 | D24: 50000 | E24: =+$I$2+(ALICHERRI[[#This Row],[QUANTITE]]*ALICHERRI[[#This Row],[PRIX UNITAIRE]]) -> 200000 | G24: =+SUM(E$9:$E24)-SUM(F$9:$F24) -> 533000
A25: 46062 | B25: Travaux sur la toyota 4runner AA650ZS | C25: 1 | D25: 95000 | E25: =+$I$2+(ALICHERRI[[#This Row],[QUANTITE]]*ALICHERRI[[#This Row],[PRIX UNITAIRE]]) -> 95000 | G25: =+SUM(E$9:$E25)-SUM(F$9:$F25) -> 628000
A26: 46079 | B26: PARALLELISME ET EQUILIBRAGE AA 968 YP | C26: 1 | D26: 15000 | E26: =+$I$2+(ALICHERRI[[#This Row],[QUANTITE]]*ALICHERRI[[#This Row],[PRIX UNITAIRE]]) -> 15000 | G26: =+SUM(E$9:$E26)-SUM(F$9:$F26) -> 643000
E27: =+$I$2+(ALICHERRI[[#This Row],[QUANTITE]]*ALICHERRI[[#This Row],[PRIX UNITAIRE]]) -> 0 | G27: =+SUM(E$9:$E27)-SUM(F$9:$F27) -> 643000
E28: =+$I$2+(ALICHERRI[[#This Row],[QUANTITE]]*ALICHERRI[[#This Row],[PRIX UNITAIRE]]) -> 0 | G28: =+SUM(E$9:$E28)-SUM(F$9:$F28) -> 643000
E29: =+$I$2+(ALICHERRI[[#This Row],[QUANTITE]]*ALICHERRI[[#This Row],[PRIX UNITAIRE]]) -> 0 | G29: =+SUM(E$9:$E29)-SUM(F$9:$F29) -> 643000
E30: =+$I$2+(ALICHERRI[[#This Row],[QUANTITE]]*ALICHERRI[[#This Row],[PRIX UNITAIRE]]) -> 0 | G30: =+SUM(E$9:$E30)-SUM(F$9:$F30) -> 643000
E31: =+$I$2+(ALICHERRI[[#This Row],[QUANTITE]]*ALICHERRI[[#This Row],[PRIX UNITAIRE]]) -> 0 | G31: =+SUM(E$9:$E31)-SUM(F$9:$F31) -> 643000
E32: =+$I$2+(ALICHERRI[[#This Row],[QUANTITE]]*ALICHERRI[[#This Row],[PRIX UNITAIRE]]) -> 0 | G32: =+SUM(E$9:$E32)-SUM(F$9:$F32) -> 643000
E33: =+$I$2+(ALICHERRI[[#This Row],[QUANTITE]]*ALICHERRI[[#This Row],[PRIX UNITAIRE]]) -> 0 | G33: =+SUM(E$9:$E33)-SUM(F$9:$F33) -> 643000
E34: =+$I$2+(ALICHERRI[[#This Row],[QUANTITE]]*ALICHERRI[[#This Row],[PRIX UNITAIRE]]) -> 0 | G34: =+SUM(E$9:$E34)-SUM(F$9:$F34) -> 643000
E35: =+$I$2+(ALICHERRI[[#This Row],[QUANTITE]]*ALICHERRI[[#This Row],[PRIX UNITAIRE]]) -> 0 | G35: =+SUM(E$9:$E35)-SUM(F$9:$F35) -> 643000
E36: =+$I$2+(ALICHERRI[[#This Row],[QUANTITE]]*ALICHERRI[[#This Row],[PRIX UNITAIRE]]) -> 0 | G36: =+SUM(E$9:$E36)-SUM(F$9:$F36) -> 643000
E37: =+$I$2+(ALICHERRI[[#This Row],[QUANTITE]]*ALICHERRI[[#This Row],[PRIX UNITAIRE]]) -> 0 | G37: =+SUM(E$9:$E37)-SUM(F$9:$F37) -> 643000
E38: =+$I$2+(ALICHERRI[[#This Row],[QUANTITE]]*ALICHERRI[[#This Row],[PRIX UNITAIRE]]) -> 0 | G38: =+SUM(E$9:$E38)-SUM(F$9:$F38) -> 643000
... E69: =+$I$2+(ALICHERRI[[#This Row],[QUANTITE]]*ALICHERRI[[#This Row],[PRIX UNITAIRE]]) -> 0 | G69: =+SUM(E$9:$E69)-SUM(F$9:$F69) -> 643000

Sheet KONE MOUSTAPHA
I2: 0
D3: ANNEE | E3: CHIFFRE AFFAIRE | F3: TOTAL VERSEMENT | G3: SOLDE
D4: BILAN | E4: =+SUM(KONEMOUSTAPHA[TOTAL MONTANT]) -> 1660000 | F4: =+SUM(KONEMOUSTAPHA[VERSEMENT]) -> 1660000 | G4: =+E4-F4 -> 0
B5: NOM CLIENT
B6: KONE MOUSTAPHA
A8: DATE | B8: DESIGNATION | C8: QUANTITE | D8: PRIX UNITAIRE | E8: TOTAL MONTANT | F8: VERSEMENT | G8: SOLDE
A9: 45782 | B9: BATTERIE 120 AH | C9: 4 | D9: 75000 | E9: =+$I$2+(KONEMOUSTAPHA[[#This Row],[QUANTITE]]*KONEMOUSTAPHA[[#This Row],[PRIX UNITAIRE]]) -> 300000 | G9: =+SUM(E$9:$E9)-SUM(F$9:$F9) -> 300000
A10: 45782 | B10: BATTERIE 150 AH | C10: 6 | D10: 85000 | E10: =+$I$2+(KONEMOUSTAPHA[[#This Row],[QUANTITE]]*KONEMOUSTAPHA[[#This Row],[PRIX UNITAIRE]]) -> 510000 | G10: =+SUM(E$9:$E10)-SUM(F$9:$F10) -> 810000
A11: 45782 | B11: BATTERIE 75 AH | C11: 10 | D11: 40000 | E11: =+$I$2+(KONEMOUSTAPHA[[#This Row],[QUANTITE]]*KONEMOUSTAPHA[[#This Row],[PRIX UNITAIRE]]) -> 400000 | G11: =+SUM(E$9:$E11)-SUM(F$9:$F11) -> 1210000
A12: 45782 | B12: PNEU 825/16 | C12: 2 | D12: 85000 | E12: =+$I$2+(KONEMOUSTAPHA[[#This Row],[QUANTITE]]*KONEMOUSTAPHA[[#This Row],[PRIX UNITAIRE]]) -> 170000 | G12: =+SUM(E$9:$E12)-SUM(F$9:$F12) -> 1380000
A13: 45650 | B13: PNEUR 13R22.5 | C13: 2 | D13: 140000 | E13: =+$I$2+(KONEMOUSTAPHA[[#This Row],[QUANTITE]]*KONEMOUSTAPHA[[#This Row],[PRIX UNITAIRE]]) -> 280000 | G13: =+SUM(E$9:$E13)-SUM(F$9:$F13) -> 1660000
A14: 45803 | B14: REGLE PAR CHEQUE | E14: =+$I$2+(KONEMOUSTAPHA[[#This Row],[QUANTITE]]*KONEMOUSTAPHA[[#This Row],[PRIX UNITAIRE]]) -> 0 | F14: 1660000 | G14: =+SUM(E$9:$E14)-SUM(F$9:$F14) -> 0
E15: =+$I$2+(KONEMOUSTAPHA[[#This Row],[QUANTITE]]*KONEMOUSTAPHA[[#This Row],[PRIX UNITAIRE]]) -> 0 | G15: =+SUM(E$9:$E15)-SUM(F$9:$F15) -> 0
E16: =+$I$2+(KONEMOUSTAPHA[[#This Row],[QUANTITE]]*KONEMOUSTAPHA[[#This Row],[PRIX UNITAIRE]]) -> 0 | G16: =+SUM(E$9:$E16)-SUM(F$9:$F16) -> 0
E17: =+$I$2+(KONEMOUSTAPHA[[#This Row],[QUANTITE]]*KONEMOUSTAPHA[[#This Row],[PRIX UNITAIRE]]) -> 0 | G17: =+SUM(E$9:$E17)-SUM(F$9:$F17) -> 0
E18: =+$I$2+(KONEMOUSTAPHA[[#This Row],[QUANTITE]]*KONEMOUSTAPHA[[#This Row],[PRIX UNITAIRE]]) -> 0 | G18: =+SUM(E$9:$E18)-SUM(F$9:$F18) -> 0
E19: =+$I$2+(KONEMOUSTAPHA[[#This Row],[QUANTITE]]*KONEMOUSTAPHA[[#This Row],[PRIX UNITAIRE]]) -> 0 | G19: =+SUM(E$9:$E19)-SUM(F$9:$F19) -> 0
E20: =+$I$2+(KONEMOUSTAPHA[[#This Row],[QUANTITE]]*KONEMOUSTAPHA[[#This Row],[PRIX UNITAIRE]]) -> 0 | G20: =+SUM(E$9:$E20)-SUM(F$9:$F20) -> 0
E21: =+$I$2+(KONEMOUSTAPHA[[#This Row],[QUANTITE]]*KONEMOUSTAPHA[[#This Row],[PRIX UNITAIRE]]) -> 0 | G21: =+SUM(E$9:$E21)-SUM(F$9:$F21) -> 0
E22: =+$I$2+(KONEMOUSTAPHA[[#This Row],[QUANTITE]]*KONEMOUSTAPHA[[#This Row],[PRIX UNITAIRE]]) -> 0 | G22: =+SUM(E$9:$E22)-SUM(F$9:$F22) -> 0
E23: =+$I$2+(KONEMOUSTAPHA[[#This Row],[QUANTITE]]*KONEMOUSTAPHA[[#This Row],[PRIX UNITAIRE]]) -> 0 | G23: =+SUM(E$9:$E23)-SUM(F$9:$F23) -> 0
E24: =+$I$2+(KONEMOUSTAPHA[[#This Row],[QUANTITE]]*KONEMOUSTAPHA[[#This Row],[PRIX UNITAIRE]]) -> 0 | G24: =+SUM(E$9:$E24)-SUM(F$9:$F24) -> 0
E25: =+$I$2+(KONEMOUSTAPHA[[#This Row],[QUANTITE]]*KONEMOUSTAPHA[[#This Row],[PRIX UNITAIRE]]) -> 0 | G25: =+SUM(E$9:$E25)-SUM(F$9:$F25) -> 0
E26: =+$I$2+(KONEMOUSTAPHA[[#This Row],[QUANTITE]]*KONEMOUSTAPHA[[#This Row],[PRIX UNITAIRE]]) -> 0 | G26: =+SUM(E$9:$E26)-SUM(F$9:$F26) -> 0
... E69: =+$I$2+(KONEMOUSTAPHA[[#This Row],[QUANTITE]]*KONEMOUSTAPHA[[#This Row],[PRIX UNITAIRE]]) -> 0 | G69: =+SUM(E$9:$E69)-SUM(F$9:$F69) -> 0

Sheet DSC BATIME
A2: µµ | I2: 0
D3: ANNEE | E3: CHIFFRE AFFAIRE | F3: TOTAL VERSEMENT | G3: SOLDE
D4: BILAN | E4: =+SUM(DSCBATIME[TOTAL MONTANT]) -> 5490000 | F4: =+SUM(DSCBATIME[VERSEMENT]) -> 5490000 | G4: =+E4-F4 -> 0
B5: NOM CLIENT
B6: DSC BATIME
A8: DATE | B8: DESIGNATION | C8: QUANTITE | D8: PRIX UNITAIRE | E8: TOTAL MONTANT | F8: VERSEMENT | G8: SOLDE
A9: 45677 | B9: DEPART | E9: =+$I$2+(DSCBATIME[[#This Row],[QUANTITE]]*DSCBATIME[[#This Row],[PRIX UNITAIRE]]) -> 0 | G9: =+SUM(E$9:$E9)-SUM(F$9:$F9) -> 0
A10: 45677 | B10: 249HC01 PEUGEOT PNEU 215/65R16 T | C10: 2 | D10: 65000 | E10: =+$I$2+(DSCBATIME[[#This Row],[QUANTITE]]*DSCBATIME[[#This Row],[PRIX UNITAIRE]]) -> 130000 | G10: =+SUM(E$9:$E10)-SUM(F$9:$F10) -> 130000
A11: 45679 | B11: LAND CRUISER 45HL01/ PLAQUETTE AV/ | C11: 1 | D11: 45000 | E11: =+$I$2+(DSCBATIME[[#This Row],[QUANTITE]]*DSCBATIME[[#This Row],[PRIX UNITAIRE]]) -> 45000 | G11: =+SUM(E$9:$E11)-SUM(F$9:$F11) -> 175000
A12: 45724 | B12: BATTERIE 120 BEYONIX | C12: 2 | D12: 95000 | E12: =+$I$2+(DSCBATIME[[#This Row],[QUANTITE]]*DSCBATIME[[#This Row],[PRIX UNITAIRE]]) -> 190000 | G12: =+SUM(E$9:$E12)-SUM(F$9:$F12) -> 365000
A13: 45728 | B13: PNEU 13R22.5 MIXTE | C13: 4 | D13: 140000 | E13: =+$I$2+(DSCBATIME[[#This Row],[QUANTITE]]*DSCBATIME[[#This Row],[PRIX UNITAIRE]]) -> 560000 | G13: =+SUM(E$9:$E13)-SUM(F$9:$F13) -> 925000
A14: 45728 | B14: PNEU 700R16 BLACKRIDER | C14: 2 | D14: 75000 | E14: =+$I$2+(DSCBATIME[[#This Row],[QUANTITE]]*DSCBATIME[[#This Row],[PRIX UNITAIRE]]) -> 150000 | G14: =+SUM(E$9:$E14)-SUM(F$9:$F14) -> 1075000
A15: 45779 | B15: BATTERIE 200 AH ENERGY | C15: 2 | D15: 150000 | E15: =+$I$2+(DSCBATIME[[#This Row],[QUANTITE]]*DSCBATIME[[#This Row],[PRIX UNITAIRE]]) -> 300000 | G15: =+SUM(E$9:$E15)-SUM(F$9:$F15) -> 1375000
A16: 45796 | B16: BATTERIE 75 AH | C16: 2 | D16: 65000 | E16: =+$I$2+(DSCBATIME[[#This Row],[QUANTITE]]*DSCBATIME[[#This Row],[PRIX UNITAIRE]]) -> 130000 | G16: =+SUM(E$9:$E16)-SUM(F$9:$F16) -> 1505000
A17: 45796 | B17: PNEU 700R16 | C17: 1 | D17: 80000 | E17: =+$I$2+(DSCBATIME[[#This Row],[QUANTITE]]*DSCBATIME[[#This Row],[PRIX UNITAIRE]]) -> 80000 | G17: =+SUM(E$9:$E17)-SUM(F$9:$F17) -> 1585000
A18: 45796 | B18: BOUGIE | C18: 1 | D18: 35000 | E18: =+$I$2+(DSCBATIME[[#This Row],[QUANTITE]]*DSCBATIME[[#This Row],[PRIX UNITAIRE]]) -> 35000 | G18: =+SUM(E$9:$E18)-SUM(F$9:$F18) -> 1620000
A19: 45574 | B19: HUILE MOTEUR TOYOTA 5W30 5L | C19: 1 | D19: 30000 | E19: =+$I$2+(DSCBATIME[[#This Row],[QUANTITE]]*DSCBATIME[[#This Row],[PRIX UNITAIRE]]) -> 30000 | G19: =+SUM(E$9:$E19)-SUM(F$9:$F19) -> 1650000
A20: 45574 | B20: FILTRE A HUILE | C20: 1 | D20: 10000 | E20: =+$I$2+(DSCBATIME[[#This Row],[QUANTITE]]*DSCBATIME[[#This Row],[PRIX UNITAIRE]]) -> 10000 | G20: =+SUM(E$9:$E20)-SUM(F$9:$F20) -> 1660000
A21: 45574 | B21: FILTRE A CLIM | C21: 1 | D21: 20000 | E21: =+$I$2+(DSCBATIME[[#This Row],[QUANTITE]]*DSCBATIME[[#This Row],[PRIX UNITAIRE]]) -> 20000 | G21: =+SUM(E$9:$E21)-SUM(F$9:$F21) -> 1680000
... A25: 45635 | B25: FILTRE A HUILE | C25: 1 | D25: 10000 | E25: =+$I$2+(DSCBATIME[[#This Row],[QUANTITE]]*DSCBATIME[[#This Row],[PRIX UNITAIRE]]) -> 10000 | G25: =+SUM(E$9:$E25)-SUM(F$9:$F25) -> 1780000
A26: 09/121/2024 | B26: FILTRE A CLIM | C26: 1 | D26: 15000 | E26: =+$I$2+(DSCBATIME[[#This Row],[QUANTITE]]*DSCBATIME[[#This Row],[PRIX UNITAIRE]]) -> 15000 | G26: =+SUM(E$9:$E26)-SUM(F$9:$F26) -> 1795000
A27: 45635 | B27: DISQUE DE FREIN AR | C27: 1 | D27: 80000 | E27: =+$I$2+(DSCBATIME[[#This Row],[QUANTITE]]*DSCBATIME[[#This Row],[PRIX UNITAIRE]]) -> 80000 | G27: =+SUM(E$9:$E27)-SUM(F$9:$F27) -> 1875000
A28: 09/12/202 | B28: PLAQUETTE AR | C28: 1 | D28: 45000 | E28: =+$I$2+(DSCBATIME[[#This Row],[QUANTITE]]*DSCBATIME[[#This Row],[PRIX UNITAIRE]]) -> 45000 | G28: =+SUM(E$9:$E28)-SUM(F$9:$F28) -> 1920000
A29: 45635 | B29: MAIN D'ŒUVRE | C29: 1 | D29: 20000 | E29: =+$I$2+(DSCBATIME[[#This Row],[QUANTITE]]*DSCBATIME[[#This Row],[PRIX UNITAIRE]]) -> 20000 | G29: =+SUM(E$9:$E29)-SUM(F$9:$F29) -> 1940000
A30: 45803 | B30: PAYE | E30: =+$I$2+(DSCBATIME[[#This Row],[QUANTITE]]*DSCBATIME[[#This Row],[PRIX UNITAIRE]]) -> 0 | F30: 1000000 | G30: =+SUM(E$9:$E30)-SUM(F$9:$F30) -> 940000
A31: 45834 | B31: BATTERIE 140AH BOSCH | C31: 2 | D31: 140000 | E31: =+$I$2+(DSCBATIME[[#This Row],[QUANTITE]]*DSCBATIME[[#This Row],[PRIX UNITAIRE]]) -> 280000 | G31: =+SUM(E$9:$E31)-SUM(F$9:$F31) -> 1220000
A32: 45834 | B32: PNEU 315/80R22,5 | C32: 2 | D32: 125000 | E32: =+$I$2+(DSCBATIME[[#This Row],[QUANTITE]]*DSCBATIME[[#This Row],[PRIX UNITAIRE]]) -> 250000 | G32: =+SUM(E$9:$E32)-SUM(F$9:$F32) -> 1470000
A33: 45863 | B33: BATTERIE 200 AH ENERGY | C33: 4 | D33: 140000 | E33: =+$I$2+(DSCBATIME[[#This Row],[QUANTITE]]*DSCBATIME[[#This Row],[PRIX UNITAIRE]]) -> 560000 | G33: =+SUM(E$9:$E33)-SUM(F$9:$F33) -> 2030000
A34: 45875 | B34: PNEU 385/65R22.5 | C34: 2 | D34: 180000 | E34: =+$I$2+(DSCBATIME[[#This Row],[QUANTITE]]*DSCBATIME[[#This Row],[PRIX UNITAIRE]]) -> 360000 | G34: =+SUM(E$9:$E34)-SUM(F$9:$F34) -> 2390000
A35: 45875 | B35: PNEU 315/80R22.5 | C35: 2 | D35: 150000 | E35: =+$I$2+(DSCBATIME[[#This Row],[QUANTITE]]*DSCBATIME[[#This Row],[PRIX UNITAIRE]]) -> 300000 | G35: =+SUM(E$9:$E35)-SUM(F$9:$F35) -> 2690000
A36: 45899 | B36: PNEU 195/65R15 | C36: 2 | D36: 45000 | E36: =+$I$2+(DSCBATIME[[#This Row],[QUANTITE]]*DSCBATIME[[#This Row],[PRIX UNITAIRE]]) -> 90000 | G36: =+SUM(E$9:$E36)-SUM(F$9:$F36) -> 2780000
A37: 45925 | B37: BATTERIE 200 AH ENERGY | C37: 2 | D37: 140000 | E37: =+$I$2+(DSCBATIME[[#This Row],[QUANTITE]]*DSCBATIME[[#This Row],[PRIX UNITAIRE]]) -> 280000 | G37: =+SUM(E$9:$E37)-SUM(F$9:$F37) -> 3060000
A38: 45932 | B38: PNEU 215/65R16 | C38: 2 | D38: 65000 | E38: =+$I$2+(DSCBATIME[[#This Row],[QUANTITE]]*DSCBATIME[[#This Row],[PRIX UNITAIRE]]) -> 130000 | G38: =+SUM(E$9:$E38)-SUM(F$9:$F38) -> 3190000
A39: 45932 | B39: AMPOULE LED | C39: 2 | D39: 22000 | E39: =+$I$2+(DSCBATIME[[#This Row],[QUANTITE]]*DSCBATIME[[#This Row],[PRIX UNITAIRE]]) -> 44000 | G39: =+SUM(E$9:$E39)-SUM(F$9:$F39) -> 3234000
A40: 45937 | B40: PNEU 235/60R18 BRIDGESTONE | C40: 4 | D40: 175000 | E40: =+$I$2+(DSCBATIME[[#This Row],[QUANTITE]]*DSCBATIME[[#This Row],[PRIX UNITAIRE]]) -> 700000 | G40: =+SUM(E$9:$E40)-SUM(F$9:$F40) -> 3934000
A41: 45939 | B41: PNEU 215/60R17 KAPSEN | C41: 3 | D41: 70000 | E41: =+$I$2+(DSCBATIME[[#This Row],[QUANTITE]]*DSCBATIME[[#This Row],[PRIX UNITAIRE]]) -> 210000 | G41: =+SUM(E$9:$E41)-SUM(F$9:$F41) -> 4144000
A42: 45947 | B42: COSH DE BATTERIE | C42: 2 | D42: 3000 | E42: =+$I$2+(DSCBATIME[[#This Row],[QUANTITE]]*DSCBATIME[[#This Row],[PRIX UNITAIRE]]) -> 6000 | G42: =+SUM(E$9:$E42)-SUM(F$9:$F42) -> 4150000
... A46: 45978 | B46: BATTERIE 75AH ESAN / PEUGEOT 4008 | C46: 1 | D46: 65000 | E46: =+$I$2+(DSCBATIME[[#This Row],[QUANTITE]]*DSCBATIME[[#This Row],[PRIX UNITAIRE]]) -> 65000 | G46: =+SUM(E$9:$E46)-SUM(F$9:$F46) -> 4490000
A47: 46093 | B47: VERSEMENT PAR CHEQUE | E47: =+$I$2+(DSCBATIME[[#This Row],[QUANTITE]]*DSCBATIME[[#This Row],[PRIX UNITAIRE]]) -> 0 | F47: 4490000 | G47: =+SUM(E$9:$E47)-SUM(F$9:$F47) -> 0
E48: =+$I$2+(DSCBATIME[[#This Row],[QUANTITE]]*DSCBATIME[[#This Row],[PRIX UNITAIRE]]) -> 0 | G48: =+SUM(E$9:$E48)-SUM(F$9:$F48) -> 0
E49: =+$I$2+(DSCBATIME[[#This Row],[QUANTITE]]*DSCBATIME[[#This Row],[PRIX UNITAIRE]]) -> 0 | G49: =+SUM(E$9:$E49)-SUM(F$9:$F49) -> 0
E50: =+$I$2+(DSCBATIME[[#This Row],[QUANTITE]]*DSCBATIME[[#This Row],[PRIX UNITAIRE]]) -> 0 | G50: =+SUM(E$9:$E50)-SUM(F$9:$F50) -> 0
E51: =+$I$2+(DSCBATIME[[#This Row],[QUANTITE]]*DSCBATIME[[#This Row],[PRIX UNITAIRE]]) -> 0 | G51: =+SUM(E$9:$E51)-SUM(F$9:$F51) -> 0
E52: =+$I$2+(DSCBATIME[[#This Row],[QUANTITE]]*DSCBATIME[[#This Row],[PRIX UNITAIRE]]) -> 0 | G52: =+SUM(E$9:$E52)-SUM(F$9:$F52) -> 0
E53: =+$I$2+(DSCBATIME[[#This Row],[QUANTITE]]*DSCBATIME[[#This Row],[PRIX UNITAIRE]]) -> 0 | G53: =+SUM(E$9:$E53)-SUM(F$9:$F53) -> 0
E54: =+$I$2+(DSCBATIME[[#This Row],[QUANTITE]]*DSCBATIME[[#This Row],[PRIX UNITAIRE]]) -> 0 | G54: =+SUM(E$9:$E54)-SUM(F$9:$F54) -> 0
E55: =+$I$2+(DSCBATIME[[#This Row],[QUANTITE]]*DSCBATIME[[#This Row],[PRIX UNITAIRE]]) -> 0 | G55: =+SUM(E$9:$E55)-SUM(F$9:$F55) -> 0
E56: =+$I$2+(DSCBATIME[[#This Row],[QUANTITE]]*DSCBATIME[[#This Row],[PRIX UNITAIRE]]) -> 0 | G56: =+SUM(E$9:$E56)-SUM(F$9:$F56) -> 0
E57: =+$I$2+(DSCBATIME[[#This Row],[QUANTITE]]*DSCBATIME[[#This Row],[PRIX UNITAIRE]]) -> 0 | G57: =+SUM(E$9:$E57)-SUM(F$9:$F57) -> 0
E58: =+$I$2+(DSCBATIME[[#This Row],[QUANTITE]]*DSCBATIME[[#This Row],[PRIX UNITAIRE]]) -> 0 | G58: =+SUM(E$9:$E58)-SUM(F$9:$F58) -> 0
E59: =+$I$2+(DSCBATIME[[#This Row],[QUANTITE]]*DSCBATIME[[#This Row],[PRIX UNITAIRE]]) -> 0 | G59: =+SUM(E$9:$E59)-SUM(F$9:$F59) -> 0
... E180: =+$I$2+(DSCBATIME[[#This Row],[QUANTITE]]*DSCBATIME[[#This Row],[PRIX UNITAIRE]]) -> 0 | G180: =+SUM(E$9:$E180)-SUM(F$9:$F180) -> 0

Sheet SIDI MOHAMAD 
I2: 0
D3: ANNEE | E3: CHIFFRE AFFAIRE | F3: TOTAL VERSEMENT | G3: SOLDE
D4: BILAN | E4: =+SUM(SIDIMOHAMAD[TOTAL MONTANT]) -> 4345000 | F4: =+SUM(SIDIMOHAMAD[VERSEMENT]) -> 2115000 | G4: =+E4-F4 -> 2230000
B5: NOM CLIENT
B6: SIDI MOHAMAD
A8: DATE | B8: DESIGNATION | C8: QUANTITE | D8: PRIX UNITAIRE | E8: TOTAL MONTANT | F8: VERSEMENT | G8: SOLDE
A9: 45741 | B9: PNEU 315/80R22.5 | C9: 1 | D9: 125000 | E9: =+$I$2+(SIDIMOHAMAD[[#This Row],[QUANTITE]]*SIDIMOHAMAD[[#This Row],[PRIX UNITAIRE]]) -> 125000 | G9: =+SUM(E$9:$E9)-SUM(F$9:$F9) -> 125000
A10: 45741 | B10: PNEU 315/80R22.5 | C10: 1 | D10: 125000 | E10: =+$I$2+(SIDIMOHAMAD[[#This Row],[QUANTITE]]*SIDIMOHAMAD[[#This Row],[PRIX UNITAIRE]]) -> 125000 | G10: =+SUM(E$9:$E10)-SUM(F$9:$F10) -> 250000
A11: 45741 | B11: PNEU 385/65R22.5 | C11: 1 | D11: 150000 | E11: =+$I$2+(SIDIMOHAMAD[[#This Row],[QUANTITE]]*SIDIMOHAMAD[[#This Row],[PRIX UNITAIRE]]) -> 150000 | G11: =+SUM(E$9:$E11)-SUM(F$9:$F11) -> 400000
A12: 45758 | B12: BATTERIE 170 AH | C12: 2 | D12: 95000 | E12: =+$I$2+(SIDIMOHAMAD[[#This Row],[QUANTITE]]*SIDIMOHAMAD[[#This Row],[PRIX UNITAIRE]]) -> 190000 | G12: =+SUM(E$9:$E12)-SUM(F$9:$F12) -> 590000
A13: 45758 | B13: PNEU 385/65R22.5 | C13: 1 | D13: 150000 | E13: =+$I$2+(SIDIMOHAMAD[[#This Row],[QUANTITE]]*SIDIMOHAMAD[[#This Row],[PRIX UNITAIRE]]) -> 150000 | G13: =+SUM(E$9:$E13)-SUM(F$9:$F13) -> 740000
A14: 45761 | B14: PNEU 315/80R22.5 ECOSAVER | C14: 1 | D14: 125000 | E14: =+$I$2+(SIDIMOHAMAD[[#This Row],[QUANTITE]]*SIDIMOHAMAD[[#This Row],[PRIX UNITAIRE]]) -> 125000 | G14: =+SUM(E$9:$E14)-SUM(F$9:$F14) -> 865000
A15: 45762 | B15: PNEU 385/65R22.5 ECOSAVER | C15: 1 | D15: 150000 | E15: =+$I$2+(SIDIMOHAMAD[[#This Row],[QUANTITE]]*SIDIMOHAMAD[[#This Row],[PRIX UNITAIRE]]) -> 150000 | G15: =+SUM(E$9:$E15)-SUM(F$9:$F15) -> 1015000
A16: 45765 | B16: PNEU 315/80R22.5 ECOSAVER | C16: 2 | D16: 125000 | E16: =+$I$2+(SIDIMOHAMAD[[#This Row],[QUANTITE]]*SIDIMOHAMAD[[#This Row],[PRIX UNITAIRE]]) -> 250000 | G16: =+SUM(E$9:$E16)-SUM(F$9:$F16) -> 1265000
A17: 45775 | B17: PNEU 7.50R16 PD | C17: 2 | D17: 75000 | E17: =+$I$2+(SIDIMOHAMAD[[#This Row],[QUANTITE]]*SIDIMOHAMAD[[#This Row],[PRIX UNITAIRE]]) -> 150000 | G17: =+SUM(E$9:$E17)-SUM(F$9:$F17) -> 1415000
A18: 45786 | B18: PAYE | E18: =+$I$2+(SIDIMOHAMAD[[#This Row],[QUANTITE]]*SIDIMOHAMAD[[#This Row],[PRIX UNITAIRE]]) -> 0 | F18: 1415000 | G18: =+SUM(E$9:$E18)-SUM(F$9:$F18) -> 0
A19: 45792 | B19: PNEU 385/65R22.5 TAITONG | C19: 1 | D19: 150000 | E19: =+$I$2+(SIDIMOHAMAD[[#This Row],[QUANTITE]]*SIDIMOHAMAD[[#This Row],[PRIX UNITAIRE]]) -> 150000 | G19: =+SUM(E$9:$E19)-SUM(F$9:$F19) -> 150000
A20: 45832 | B20: BATTERIE 140 AH BOSH | C20: 1 | D20: 150000 | E20: =+$I$2+(SIDIMOHAMAD[[#This Row],[QUANTITE]]*SIDIMOHAMAD[[#This Row],[PRIX UNITAIRE]]) -> 150000 | G20: =+SUM(E$9:$E20)-SUM(F$9:$F20) -> 300000
A21: 45847 | B21: PNEU 315/80R22.5 | C21: 1 | D21: 125000 | E21: =+$I$2+(SIDIMOHAMAD[[#This Row],[QUANTITE]]*SIDIMOHAMAD[[#This Row],[PRIX UNITAIRE]]) -> 125000 | G21: =+SUM(E$9:$E21)-SUM(F$9:$F21) -> 425000
A22: 45846 | B22: PNEU 385/65R22.5 | C22: 2 | D22: 150000 | E22: =+$I$2+(SIDIMOHAMAD[[#This Row],[QUANTITE]]*SIDIMOHAMAD[[#This Row],[PRIX UNITAIRE]]) -> 300000 | G22: =+SUM(E$9:$E22)-SUM(F$9:$F22) -> 725000
A23: 45852 | B23: PNEU 385.65R22.5 | C23: 1 | D23: 150000 | E23: =+$I$2+(SIDIMOHAMAD[[#This Row],[QUANTITE]]*SIDIMOHAMAD[[#This Row],[PRIX UNITAIRE]]) -> 150000 | G23: =+SUM(E$9:$E23)-SUM(F$9:$F23) -> 875000
A24: 45868 | B24: PNEU 385/65R22.5 | C24: 1 | D24: 150000 | E24: =+$I$2+(SIDIMOHAMAD[[#This Row],[QUANTITE]]*SIDIMOHAMAD[[#This Row],[PRIX UNITAIRE]]) -> 150000 | G24: =+SUM(E$9:$E24)-SUM(F$9:$F24) -> 1025000
A25: 45868 | B25: PNEU 315/80R22.5 | C25: 1 | D25: 125000 | E25: =+$I$2+(SIDIMOHAMAD[[#This Row],[QUANTITE]]*SIDIMOHAMAD[[#This Row],[PRIX UNITAIRE]]) -> 125000 | G25: =+SUM(E$9:$E25)-SUM(F$9:$F25) -> 1150000
A26: 45889 | B26: PNEU 315/80R22.5 | C26: 1 | D26: 125000 | E26: =+$I$2+(SIDIMOHAMAD[[#This Row],[QUANTITE]]*SIDIMOHAMAD[[#This Row],[PRIX UNITAIRE]]) -> 125000 | G26: =+SUM(E$9:$E26)-SUM(F$9:$F26) -> 1275000
A27: 45906 | B27: PNEU 315/80R22.5 | C27: 1 | D27: 125000 | E27: =+$I$2+(SIDIMOHAMAD[[#This Row],[QUANTITE]]*SIDIMOHAMAD[[#This Row],[PRIX UNITAIRE]]) -> 125000 | G27: =+SUM(E$9:$E27)-SUM(F$9:$F27) -> 1400000
A28: 45917 | B28: PAYE | E28: =+$I$2+(SIDIMOHAMAD[[#This Row],[QUANTITE]]*SIDIMOHAMAD[[#This Row],[PRIX UNITAIRE]]) -> 0 | F28: 400000 | G28: =+SUM(E$9:$E28)-SUM(F$9:$F28) -> 1000000
A29: 45943 | B29: PNEU 385/65R22.5 MACROYAL | C29: 1 | D29: 150000 | E29: =+$I$2+(SIDIMOHAMAD[[#This Row],[QUANTITE]]*SIDIMOHAMAD[[#This Row],[PRIX UNITAIRE]]) -> 150000 | G29: =+SUM(E$9:$E29)-SUM(F$9:$F29) -> 1150000
A30: 45953 | B30: PNEU 315/80R22.5 LONGTRACK / CAMION | C30: 1 | D30: 125000 | E30: =+$I$2+(SIDIMOHAMAD[[#This Row],[QUANTITE]]*SIDIMOHAMAD[[#This Row],[PRIX UNITAIRE]]) -> 125000 | G30: =+SUM(E$9:$E30)-SUM(F$9:$F30) -> 1275000
A31: 46058 | B31: PNEU 315/80R22.5 JETWAY | C31: 1 | D31: 170000 | E31: =+$I$2+(SIDIMOHAMAD[[#This Row],[QUANTITE]]*SIDIMOHAMAD[[#This Row],[PRIX UNITAIRE]]) -> 170000 | G31: =+SUM(E$9:$E31)-SUM(F$9:$F31) -> 1445000
A32: 46066 | B32: PNEU 315/80R22.5 | C32: 1 | D32: 125000 | E32: =+$I$2+(SIDIMOHAMAD[[#This Row],[QUANTITE]]*SIDIMOHAMAD[[#This Row],[PRIX UNITAIRE]]) -> 125000 | G32: =+SUM(E$9:$E32)-SUM(F$9:$F32) -> 1570000
A33: 46066 | B33: PNEU 385/65R22.5 | C33: 3 | D33: 150000 | E33: =+$I$2+(SIDIMOHAMAD[[#This Row],[QUANTITE]]*SIDIMOHAMAD[[#This Row],[PRIX UNITAIRE]]) -> 450000 | G33: =+SUM(E$9:$E33)-SUM(F$9:$F33) -> 2020000
A34: 46066 | B34: JANTE 315 | C34: 1 | D34: 60000 | E34: =+$I$2+(SIDIMOHAMAD[[#This Row],[QUANTITE]]*SIDIMOHAMAD[[#This Row],[PRIX UNITAIRE]]) -> 60000 | G34: =+SUM(E$9:$E34)-SUM(F$9:$F34) -> 2080000
A35: 46090 | B35: PNEU 315/80R22,5 DRIVEMASTER | C35: 1 | D35: 150000 | E35: =+$I$2+(SIDIMOHAMAD[[#This Row],[QUANTITE]]*SIDIMOHAMAD[[#This Row],[PRIX UNITAIRE]]) -> 150000 | G35: =+SUM(E$9:$E35)-SUM(F$9:$F35) -> 2230000
A36: 46100 | B36: PNEU 385/65R22,5 MACROYAL | C36: 2 | D36: 150000 | E36: =+$I$2+(SIDIMOHAMAD[[#This Row],[QUANTITE]]*SIDIMOHAMAD[[#This Row],[PRIX UNITAIRE]]) -> 300000 | F36: 300000 | G36: =+SUM(E$9:$E36)-SUM(F$9:$F36) -> 2230000
E37: =+$I$2+(SIDIMOHAMAD[[#This Row],[QUANTITE]]*SIDIMOHAMAD[[#This Row],[PRIX UNITAIRE]]) -> 0 | G37: =+SUM(E$9:$E37)-SUM(F$9:$F37) -> 2230000
E38: =+$I$2+(SIDIMOHAMAD[[#This Row],[QUANTITE]]*SIDIMOHAMAD[[#This Row],[PRIX UNITAIRE]]) -> 0 | G38: =+SUM(E$9:$E38)-SUM(F$9:$F38) -> 2230000
E39: =+$I$2+(SIDIMOHAMAD[[#This Row],[QUANTITE]]*SIDIMOHAMAD[[#This Row],[PRIX UNITAIRE]]) -> 0 | G39: =+SUM(E$9:$E39)-SUM(F$9:$F39) -> 2230000
E40: =+$I$2+(SIDIMOHAMAD[[#This Row],[QUANTITE]]*SIDIMOHAMAD[[#This Row],[PRIX UNITAIRE]]) -> 0 | G40: =+SUM(E$9:$E40)-SUM(F$9:$F40) -> 2230000
E41: =+$I$2+(SIDIMOHAMAD[[#This Row],[QUANTITE]]*SIDIMOHAMAD[[#This Row],[PRIX UNITAIRE]]) -> 0 | G41: =+SUM(E$9:$E41)-SUM(F$9:$F41) -> 2230000
E42: =+$I$2+(SIDIMOHAMAD[[#This Row],[QUANTITE]]*SIDIMOHAMAD[[#This Row],[PRIX UNITAIRE]]) -> 0 | G42: =+SUM(E$9:$E42)-SUM(F$9:$F42) -> 2230000
E43: =+$I$2+(SIDIMOHAMAD[[#This Row],[QUANTITE]]*SIDIMOHAMAD[[#This Row],[PRIX UNITAIRE]]) -> 0 | G43: =+SUM(E$9:$E43)-SUM(F$9:$F43) -> 2230000
E44: =+$I$2+(SIDIMOHAMAD[[#This Row],[QUANTITE]]*SIDIMOHAMAD[[#This Row],[PRIX UNITAIRE]]) -> 0 | G44: =+SUM(E$9:$E44)-SUM(F$9:$F44) -> 2230000
E45: =+$I$2+(SIDIMOHAMAD[[#This Row],[QUANTITE]]*SIDIMOHAMAD[[#This Row],[PRIX UNITAIRE]]) -> 0 | G45: =+SUM(E$9:$E45)-SUM(F$9:$F45) -> 2230000
E46: =+$I$2+(SIDIMOHAMAD[[#This Row],[QUANTITE]]*SIDIMOHAMAD[[#This Row],[PRIX UNITAIRE]]) -> 0 | G46: =+SUM(E$9:$E46)-SUM(F$9:$F46) -> 2230000
E47: =+$I$2+(SIDIMOHAMAD[[#This Row],[QUANTITE]]*SIDIMOHAMAD[[#This Row],[PRIX UNITAIRE]]) -> 0 | G47: =+SUM(E$9:$E47)-SUM(F$9:$F47) -> 2230000
E48: =+$I$2+(SIDIMOHAMAD[[#This Row],[QUANTITE]]*SIDIMOHAMAD[[#This Row],[PRIX UNITAIRE]]) -> 0 | G48: =+SUM(E$9:$E48)-SUM(F$9:$F48) -> 2230000
... E69: =+$I$2+(SIDIMOHAMAD[[#This Row],[QUANTITE]]*SIDIMOHAMAD[[#This Row],[PRIX UNITAIRE]]) -> 0 | G69: =+SUM(E$9:$E69)-SUM(F$9:$F69) -> 2230000

Sheet SAMAKE KEBE
I2: 0
D3: ANNEE | E3: CHIFFRE AFFAIRE | F3: TOTAL VERSEMENT | G3: SOLDE
D4: BILAN | E4: =+SUM(SAMAKEKEBE[TOTAL MONTANT]) -> 300000 | F4: =+SUM(SAMAKEKEBE[VERSEMENT]) -> 300000 | G4: =+E4-F4 -> 0
B5: NOM CLIENT
B6: SAMAKE KEBE
A8: DATE | B8: DESIGNATION | C8: QUANTITE | D8: PRIX UNITAIRE | E8: TOTAL MONTANT | F8: VERSEMENT | G8: SOLDE
A9: 45730 | B9: PNEU 385/65R22.5 | C9: 2 | D9: 150000 | E9: =+$I$2+(SAMAKEKEBE[[#This Row],[QUANTITE]]*SAMAKEKEBE[[#This Row],[PRIX UNITAIRE]]) -> 300000 | G9: =+SUM(E$9:$E9)-SUM(F$9:$F9) -> 300000
E10: =+$I$2+(SAMAKEKEBE[[#This Row],[QUANTITE]]*SAMAKEKEBE[[#This Row],[PRIX UNITAIRE]]) -> 0 | F10: 300000 | G10: =+SUM(E$9:$E10)-SUM(F$9:$F10) -> 0
E11: =+$I$2+(SAMAKEKEBE[[#This Row],[QUANTITE]]*SAMAKEKEBE[[#This Row],[PRIX UNITAIRE]]) -> 0 | G11: =+SUM(E$9:$E11)-SUM(F$9:$F11) -> 0
E12: =+$I$2+(SAMAKEKEBE[[#This Row],[QUANTITE]]*SAMAKEKEBE[[#This Row],[PRIX UNITAIRE]]) -> 0 | G12: =+SUM(E$9:$E12)-SUM(F$9:$F12) -> 0
E13: =+$I$2+(SAMAKEKEBE[[#This Row],[QUANTITE]]*SAMAKEKEBE[[#This Row],[PRIX UNITAIRE]]) -> 0 | G13: =+SUM(E$9:$E13)-SUM(F$9:$F13) -> 0
E14: =+$I$2+(SAMAKEKEBE[[#This Row],[QUANTITE]]*SAMAKEKEBE[[#This Row],[PRIX UNITAIRE]]) -> 0 | G14: =+SUM(E$9:$E14)-SUM(F$9:$F14) -> 0
E15: =+$I$2+(SAMAKEKEBE[[#This Row],[QUANTITE]]*SAMAKEKEBE[[#This Row],[PRIX UNITAIRE]]) -> 0 | G15: =+SUM(E$9:$E15)-SUM(F$9:$F15) -> 0
E16: =+$I$2+(SAMAKEKEBE[[#This Row],[QUANTITE]]*SAMAKEKEBE[[#This Row],[PRIX UNITAIRE]]) -> 0 | G16: =+SUM(E$9:$E16)-SUM(F$9:$F16) -> 0
E17: =+$I$2+(SAMAKEKEBE[[#This Row],[QUANTITE]]*SAMAKEKEBE[[#This Row],[PRIX UNITAIRE]]) -> 0 | G17: =+SUM(E$9:$E17)-SUM(F$9:$F17) -> 0
E18: =+$I$2+(SAMAKEKEBE[[#This Row],[QUANTITE]]*SAMAKEKEBE[[#This Row],[PRIX UNITAIRE]]) -> 0 | G18: =+SUM(E$9:$E18)-SUM(F$9:$F18) -> 0
E19: =+$I$2+(SAMAKEKEBE[[#This Row],[QUANTITE]]*SAMAKEKEBE[[#This Row],[PRIX UNITAIRE]]) -> 0 | G19: =+SUM(E$9:$E19)-SUM(F$9:$F19) -> 0
E20: =+$I$2+(SAMAKEKEBE[[#This Row],[QUANTITE]]*SAMAKEKEBE[[#This Row],[PRIX UNITAIRE]]) -> 0 | G20: =+SUM(E$9:$E20)-SUM(F$9:$F20) -> 0
E21: =+$I$2+(SAMAKEKEBE[[#This Row],[QUANTITE]]*SAMAKEKEBE[[#This Row],[PRIX UNITAIRE]]) -> 0 | G21: =+SUM(E$9:$E21)-SUM(F$9:$F21) -> 0
E22: =+$I$2+(SAMAKEKEBE[[#This Row],[QUANTITE]]*SAMAKEKEBE[[#This Row],[PRIX UNITAIRE]]) -> 0 | G22: =+SUM(E$9:$E22)-SUM(F$9:$F22) -> 0
... E69: =+$I$2+(SAMAKEKEBE[[#This Row],[QUANTITE]]*SAMAKEKEBE[[#This Row],[PRIX UNITAIRE]]) -> 0 | G69: =+SUM(E$9:$E69)-SUM(F$9:$F69) -> 0

Sheet ADAM AFRIQUE 
I2: 0
D3: ANNEE | E3: CHIFFRE AFFAIRE | F3: TOTAL VERSEMENT | G3: SOLDE
D4: BILAN | E4: =+SUM(ADAMAFRIQUE[TOTAL MONTANT]) -> 15240100 | F4: =+SUM(ADAMAFRIQUE[VERSEMENT]) -> 8402000 | G4: =+E4-F4 -> 6838100
B5: NOM CLIENT
B6: ADAM AFRIQUE
A8: DATE | B8: DESIGNATION | C8: QUANTITE | D8: PRIX UNITAIRE | E8: TOTAL MONTANT | F8: VERSEMENT | G8: SOLDE
A9: 45643 | B9: DEPART | C9: 1 | D9: 5171100 | E9: =$I$2+(ADAMAFRIQUE[[#This Row],[QUANTITE]]*ADAMAFRIQUE[[#This Row],[PRIX UNITAIRE]]) -> 5171100 | G9: =+SUM(E$9:$E9)-SUM(F$9:$F9) -> 5171100
A10: 45659 | B10: PNEU 13R22.5 MIXTE | C10: 2 | D10: 155000 | E10: =$I$2+(ADAMAFRIQUE[[#This Row],[QUANTITE]]*ADAMAFRIQUE[[#This Row],[PRIX UNITAIRE]]) -> 310000 | G10: =+SUM(E$9:$E10)-SUM(F$9:$F10) -> 5481100
A11: 45643 | B11: PAYEMENT PAR CHEQUE | C11: 1 | D11: 0 | E11: =$I$2+(ADAMAFRIQUE[[#This Row],[QUANTITE]]*ADAMAFRIQUE[[#This Row],[PRIX UNITAIRE]]) -> 0 | F11: 612500 | G11: =+SUM(E$9:$E11)-SUM(F$9:$F11) -> 4868600
A12: 46008 | B12: PAYEMENT EN ESPECES | C12: 1 | D12: 0 | E12: =$I$2+(ADAMAFRIQUE[[#This Row],[QUANTITE]]*ADAMAFRIQUE[[#This Row],[PRIX UNITAIRE]]) -> 0 | F12: 607000 | G12: =+SUM(E$9:$E12)-SUM(F$9:$F12) -> 4261600
A13: 45660 | B13: PNEU 13R22.5 MIXTE | C13: 1 | D13: 155000 | E13: =$I$2+(ADAMAFRIQUE[[#This Row],[QUANTITE]]*ADAMAFRIQUE[[#This Row],[PRIX UNITAIRE]]) -> 155000 | G13: =+SUM(E$9:$E13)-SUM(F$9:$F13) -> 4416600
A14: 45663 | B14: PNEU195/60R15 | C14: 4 | D14: 35000 | E14: =$I$2+(ADAMAFRIQUE[[#This Row],[QUANTITE]]*ADAMAFRIQUE[[#This Row],[PRIX UNITAIRE]]) -> 140000 | G14: =+SUM(E$9:$E14)-SUM(F$9:$F14) -> 4556600
A15: 45684 | B15: PNEU 13R22.5 CRAMPON | C15: 2 | D15: 165000 | E15: =$I$2+(ADAMAFRIQUE[[#This Row],[QUANTITE]]*ADAMAFRIQUE[[#This Row],[PRIX UNITAIRE]]) -> 330000 | G15: =+SUM(E$9:$E15)-SUM(F$9:$F15) -> 4886600
A16: 45695 | B16: PNEUY 700R16 | C16: 3 | D16: 90000 | E16: =$I$2+(ADAMAFRIQUE[[#This Row],[QUANTITE]]*ADAMAFRIQUE[[#This Row],[PRIX UNITAIRE]]) -> 270000 | G16: =+SUM(E$9:$E16)-SUM(F$9:$F16) -> 5156600
A17: 45695 | B17: PNEU 225/65R17 | C17: 2 | D17: 55000 | E17: =$I$2+(ADAMAFRIQUE[[#This Row],[QUANTITE]]*ADAMAFRIQUE[[#This Row],[PRIX UNITAIRE]]) -> 110000 | G17: =+SUM(E$9:$E17)-SUM(F$9:$F17) -> 5266600
A18: 45705 | B18: PNEUB 13R22.5 | C18: 1 | D18: 155000 | E18: =$I$2+(ADAMAFRIQUE[[#This Row],[QUANTITE]]*ADAMAFRIQUE[[#This Row],[PRIX UNITAIRE]]) -> 155000 | G18: =+SUM(E$9:$E18)-SUM(F$9:$F18) -> 5421600
A19: 45715 | B19: PNEU 13R22.5 MIXTE | C19: 2 | D19: 155000 | E19: =$I$2+(ADAMAFRIQUE[[#This Row],[QUANTITE]]*ADAMAFRIQUE[[#This Row],[PRIX UNITAIRE]]) -> 310000 | G19: =+SUM(E$9:$E19)-SUM(F$9:$F19) -> 5731600
A20: 45721 | B20: PNEU 13R22.5 | C20: 2 | D20: 155000 | E20: =$I$2+(ADAMAFRIQUE[[#This Row],[QUANTITE]]*ADAMAFRIQUE[[#This Row],[PRIX UNITAIRE]]) -> 310000 | G20: =+SUM(E$9:$E20)-SUM(F$9:$F20) -> 6041600
A21: 45721 | B21: PAYE CHEQUE | E21: =$I$2+(ADAMAFRIQUE[[#This Row],[QUANTITE]]*ADAMAFRIQUE[[#This Row],[PRIX UNITAIRE]]) -> 0 | F21: 764400 | G21: =+SUM(E$9:$E21)-SUM(F$9:$F21) -> 5277200
E22: =$I$2+(ADAMAFRIQUE[[#This Row],[QUANTITE]]*ADAMAFRIQUE[[#This Row],[PRIX UNITAIRE]]) -> 0 | G22: =+SUM(E$9:$E22)-SUM(F$9:$F22) -> 5277200
A23: 45762 | B23: PNEU 13RR22.5 MIXTE | C23: 2 | D23: 155000 | E23: =$I$2+(ADAMAFRIQUE[[#This Row],[QUANTITE]]*ADAMAFRIQUE[[#This Row],[PRIX UNITAIRE]]) -> 310000 | G23: =+SUM(E$9:$E23)-SUM(F$9:$F23) -> 5587200
A24: 45764 | B24: PNEU 13R22.5 | C24: 2 | D24: 165000 | E24: =$I$2+(ADAMAFRIQUE[[#This Row],[QUANTITE]]*ADAMAFRIQUE[[#This Row],[PRIX UNITAIRE]]) -> 330000 | G24: =+SUM(E$9:$E24)-SUM(F$9:$F24) -> 5917200
A25: 45764 | B25: PNEU 13R22.5 | C25: 1 | D25: 165000 | E25: =$I$2+(ADAMAFRIQUE[[#This Row],[QUANTITE]]*ADAMAFRIQUE[[#This Row],[PRIX UNITAIRE]]) -> 165000 | G25: =+SUM(E$9:$E25)-SUM(F$9:$F25) -> 6082200
A26: 45783 | B26: 13R22.5 MIXTE | C26: 4 | D26: 155000 | E26: =$I$2+(ADAMAFRIQUE[[#This Row],[QUANTITE]]*ADAMAFRIQUE[[#This Row],[PRIX UNITAIRE]]) -> 620000 | G26: =+SUM(E$9:$E26)-SUM(F$9:$F26) -> 6702200
A27: 45783 | B27: PNEU 195/60R15 | C27: 1 | D27: 35000 | E27: =$I$2+(ADAMAFRIQUE[[#This Row],[QUANTITE]]*ADAMAFRIQUE[[#This Row],[PRIX UNITAIRE]]) -> 35000 | G27: =+SUM(E$9:$E27)-SUM(F$9:$F27) -> 6737200
A28: 45792 | B28: PNEU 13R22.5 MIXTE | C28: 1 | D28: 155000 | E28: =$I$2+(ADAMAFRIQUE[[#This Row],[QUANTITE]]*ADAMAFRIQUE[[#This Row],[PRIX UNITAIRE]]) -> 155000 | G28: =+SUM(E$9:$E28)-SUM(F$9:$F28) -> 6892200
A29: 45792 | B29: PNEU 13R22?5 MIXTE | C29: 1 | D29: 155000 | E29: =$I$2+(ADAMAFRIQUE[[#This Row],[QUANTITE]]*ADAMAFRIQUE[[#This Row],[PRIX UNITAIRE]]) -> 155000 | G29: =+SUM(E$9:$E29)-SUM(F$9:$F29) -> 7047200
A30: 45792 | B30: PAYE CHEQUE | E30: =$I$2+(ADAMAFRIQUE[[#This Row],[QUANTITE]]*ADAMAFRIQUE[[#This Row],[PRIX UNITAIRE]]) -> 0 | F30: 788900 | G30: =+SUM(E$9:$E30)-SUM(F$9:$F30) -> 6258300
A31: 45797 | B31: PNEU 225/65R17 GLEDE | C31: 1 | D31: 55000 | E31: =$I$2+(ADAMAFRIQUE[[#This Row],[QUANTITE]]*ADAMAFRIQUE[[#This Row],[PRIX UNITAIRE]]) -> 55000 | G31: =+SUM(E$9:$E31)-SUM(F$9:$F31) -> 6313300
A32: 45797 | B32: PNEU 825R16 MIXTE | C32: 2 | D32: 90000 | E32: =$I$2+(ADAMAFRIQUE[[#This Row],[QUANTITE]]*ADAMAFRIQUE[[#This Row],[PRIX UNITAIRE]]) -> 180000 | G32: =+SUM(E$9:$E32)-SUM(F$9:$F32) -> 6493300
A33: 45797 | B33: PNEU 825/16 MIXTE | C33: 4 | D33: 90000 | E33: =$I$2+(ADAMAFRIQUE[[#This Row],[QUANTITE]]*ADAMAFRIQUE[[#This Row],[PRIX UNITAIRE]]) -> 360000 | G33: =+SUM(E$9:$E33)-SUM(F$9:$F33) -> 6853300
A34: 45803 | B34: PNEU 13RR2.5 MIXTE | C34: 2 | D34: 155000 | E34: =$I$2+(ADAMAFRIQUE[[#This Row],[QUANTITE]]*ADAMAFRIQUE[[#This Row],[PRIX UNITAIRE]]) -> 310000 | G34: =+SUM(E$9:$E34)-SUM(F$9:$F34) -> 7163300
A35: 45811 | B35: PNEU 315/80R22.5 | C35: 2 | D35: 145000 | E35: =$I$2+(ADAMAFRIQUE[[#This Row],[QUANTITE]]*ADAMAFRIQUE[[#This Row],[PRIX UNITAIRE]]) -> 290000 | G35: =+SUM(E$9:$E35)-SUM(F$9:$F35) -> 7453300
A36: 45820 | B36: PNEU 13R22.5 MIXTE | C36: 2 | D36: 155000 | E36: =$I$2+(ADAMAFRIQUE[[#This Row],[QUANTITE]]*ADAMAFRIQUE[[#This Row],[PRIX UNITAIRE]]) -> 310000 | G36: =+SUM(E$9:$E36)-SUM(F$9:$F36) -> 7763300
A37: 45825 | B37: PAYE CHEQUE | E37: =$I$2+(ADAMAFRIQUE[[#This Row],[QUANTITE]]*ADAMAFRIQUE[[#This Row],[PRIX UNITAIRE]]) -> 0 | F37: 1832600 | G37: =+SUM(E$9:$E37)-SUM(F$9:$F37) -> 5930700
A38: 45859 | B38: PNEU 825/16 MIXTE | C38: 4 | D38: 90000 | E38: =$I$2+(ADAMAFRIQUE[[#This Row],[QUANTITE]]*ADAMAFRIQUE[[#This Row],[PRIX UNITAIRE]]) -> 360000 | G38: =+SUM(E$9:$E38)-SUM(F$9:$F38) -> 6290700
A39: 45874 | B39: PNEU 825R16 MIXTE | C39: 2 | D39: 90000 | E39: =$I$2+(ADAMAFRIQUE[[#This Row],[QUANTITE]]*ADAMAFRIQUE[[#This Row],[PRIX UNITAIRE]]) -> 180000 | G39: =+SUM(E$9:$E39)-SUM(F$9:$F39) -> 6470700
A40: 45877 | B40: PAYE CHEQUE | E40: =$I$2+(ADAMAFRIQUE[[#This Row],[QUANTITE]]*ADAMAFRIQUE[[#This Row],[PRIX UNITAIRE]]) -> 0 | F40: 588000 | G40: =+SUM(E$9:$E40)-SUM(F$9:$F40) -> 5882700
A41: 45877 | B41: PNEU 13R22.5 MIXTE | C41: 2 | D41: 155000 | E41: =$I$2+(ADAMAFRIQUE[[#This Row],[QUANTITE]]*ADAMAFRIQUE[[#This Row],[PRIX UNITAIRE]]) -> 310000 | G41: =+SUM(E$9:$E41)-SUM(F$9:$F41) -> 6192700
A42: 45881 | B42: PNEU 825/16 MIXTE | C42: 2 | D42: 90000 | E42: =$I$2+(ADAMAFRIQUE[[#This Row],[QUANTITE]]*ADAMAFRIQUE[[#This Row],[PRIX UNITAIRE]]) -> 180000 | G42: =+SUM(E$9:$E42)-SUM(F$9:$F42) -> 6372700
A43: 45887 | B43: PAYE PAR CHEQUE | E43: =$I$2+(ADAMAFRIQUE[[#This Row],[QUANTITE]]*ADAMAFRIQUE[[#This Row],[PRIX UNITAIRE]]) -> 0 | F43: 352800 | G43: =+SUM(E$9:$E43)-SUM(F$9:$F43) -> 6019900
A44: 45897 | B44: PNEU 315/80R22.5 MIXTE | C44: 3 | D44: 145000 | E44: =$I$2+(ADAMAFRIQUE[[#This Row],[QUANTITE]]*ADAMAFRIQUE[[#This Row],[PRIX UNITAIRE]]) -> 435000 | G44: =+SUM(E$9:$E44)-SUM(F$9:$F44) -> 6454900
A45: 45897 | B45: PNEU 13R22.5 MIXTE | C45: 1 | D45: 155000 | E45: =$I$2+(ADAMAFRIQUE[[#This Row],[QUANTITE]]*ADAMAFRIQUE[[#This Row],[PRIX UNITAIRE]]) -> 155000 | G45: =+SUM(E$9:$E45)-SUM(F$9:$F45) -> 6609900
A46: 45929 | B46: PNEU 13R22. 5 MIXTE | C46: 1 | D46: 155000 | E46: =$I$2+(ADAMAFRIQUE[[#This Row],[QUANTITE]]*ADAMAFRIQUE[[#This Row],[PRIX UNITAIRE]]) -> 155000 | G46: =+SUM(E$9:$E46)-SUM(F$9:$F46) -> 6764900
A47: 45951 | B47: PAYE CHEQUE | E47: =$I$2+(ADAMAFRIQUE[[#This Row],[QUANTITE]]*ADAMAFRIQUE[[#This Row],[PRIX UNITAIRE]]) -> 0 | F47: 1385800 | G47: =+SUM(E$9:$E47)-SUM(F$9:$F47) -> 5379100
A48: 45995 | B48: PNEU 235/70R16 KING BOSS | C48: 2 | D48: 65000 | E48: =$I$2+(ADAMAFRIQUE[[#This Row],[QUANTITE]]*ADAMAFRIQUE[[#This Row],[PRIX UNITAIRE]]) -> 130000 | G48: =+SUM(E$9:$E48)-SUM(F$9:$F48) -> 5509100
A49: 46036 | B49: PNEU 235/70R16 KING BOSS | C49: 2 | D49: 27000 | E49: =$I$2+(ADAMAFRIQUE[[#This Row],[QUANTITE]]*ADAMAFRIQUE[[#This Row],[PRIX UNITAIRE]]) -> 54000 | G49: =+SUM(E$9:$E49)-SUM(F$9:$F49) -> 5563100
D50: 0 | E50: =$I$2+(ADAMAFRIQUE[[#This Row],[QUANTITE]]*ADAMAFRIQUE[[#This Row],[PRIX UNITAIRE]]) -> 0 | G50: =+SUM(E$9:$E50)-SUM(F$9:$F50) -> 5563100
A51: 46041 | B51: PNEU 13R22.5 MIXTE | C51: 2 | D51: 155000 | E51: =$I$2+(ADAMAFRIQUE[[#This Row],[QUANTITE]]*ADAMAFRIQUE[[#This Row],[PRIX UNITAIRE]]) -> 310000 | G51: =+SUM(E$9:$E51)-SUM(F$9:$F51) -> 5873100
A52: 46044 | B52: PNEU 13R22.5 MIXTE | C52: 2 | D52: 155000 | E52: =$I$2+(ADAMAFRIQUE[[#This Row],[QUANTITE]]*ADAMAFRIQUE[[#This Row],[PRIX UNITAIRE]]) -> 310000 | G52: =+SUM(E$9:$E52)-SUM(F$9:$F52) -> 6183100
A53: 46050 | B53: PAYE CHEQUE | E53: =$I$2+(ADAMAFRIQUE[[#This Row],[QUANTITE]]*ADAMAFRIQUE[[#This Row],[PRIX UNITAIRE]]) -> 0 | F53: 127400 | G53: =+SUM(E$9:$E53)-SUM(F$9:$F53) -> 6055700
A54: 46064 | B54: PNEU 13R22.5 CRAMPON | C54: 1 | D54: 165000 | E54: =$I$2+(ADAMAFRIQUE[[#This Row],[QUANTITE]]*ADAMAFRIQUE[[#This Row],[PRIX UNITAIRE]]) -> 165000 | G54: =+SUM(E$9:$E54)-SUM(F$9:$F54) -> 6220700
A55: 46064 | B55: PNEU 13R22.5 MIXTE | C55: 4 | D55: 155000 | E55: =$I$2+(ADAMAFRIQUE[[#This Row],[QUANTITE]]*ADAMAFRIQUE[[#This Row],[PRIX UNITAIRE]]) -> 620000 | G55: =+SUM(E$9:$E55)-SUM(F$9:$F55) -> 6840700
A56: 46077 | B56: 13R22.5 GD | C56: 1 | D56: 165000 | E56: =$I$2+(ADAMAFRIQUE[[#This Row],[QUANTITE]]*ADAMAFRIQUE[[#This Row],[PRIX UNITAIRE]]) -> 165000 | G56: =+SUM(E$9:$E56)-SUM(F$9:$F56) -> 7005700
A57: 46077 | B57: 13R22.5 MIXTE | C57: 1 | D57: 155000 | E57: =$I$2+(ADAMAFRIQUE[[#This Row],[QUANTITE]]*ADAMAFRIQUE[[#This Row],[PRIX UNITAIRE]]) -> 155000 | G57: =+SUM(E$9:$E57)-SUM(F$9:$F57) -> 7160700
A58: 46078 | B58: PAYE PAR CHEQUE | E58: =$I$2+(ADAMAFRIQUE[[#This Row],[QUANTITE]]*ADAMAFRIQUE[[#This Row],[PRIX UNITAIRE]]) -> 0 | F58: 1342600 | G58: =+SUM(E$9:$E58)-SUM(F$9:$F58) -> 5818100
A59: 46080 | B59: PNEU 235/70R13 KINGBOSS | C59: 2 | D59: 65000 | E59: =$I$2+(ADAMAFRIQUE[[#This Row],[QUANTITE]]*ADAMAFRIQUE[[#This Row],[PRIX UNITAIRE]]) -> 130000 | G59: =+SUM(E$9:$E59)-SUM(F$9:$F59) -> 5948100
A60: 46080 | B60: PNEU 13R22,5 CRAMPONS | C60: 1 | D60: 155000 | E60: =$I$2+(ADAMAFRIQUE[[#This Row],[QUANTITE]]*ADAMAFRIQUE[[#This Row],[PRIX UNITAIRE]]) -> 155000 | G60: =+SUM(E$9:$E60)-SUM(F$9:$F60) -> 6103100
A61: 46092 | B61: 315/80R22,5 DRIVEMASTER | C61: 4 | D61: 145000 | E61: =$I$2+(ADAMAFRIQUE[[#This Row],[QUANTITE]]*ADAMAFRIQUE[[#This Row],[PRIX UNITAIRE]]) -> 580000 | G61: =+SUM(E$9:$E61)-SUM(F$9:$F61) -> 6683100
A62: 46091 | B62: 13R22,5 MIXTE DRIVEMASTER | C62: 1 | D62: 155000 | E62: =$I$2+(ADAMAFRIQUE[[#This Row],[QUANTITE]]*ADAMAFRIQUE[[#This Row],[PRIX UNITAIRE]]) -> 155000 | G62: =+SUM(E$9:$E62)-SUM(F$9:$F62) -> 6838100
E63: =$I$2+(ADAMAFRIQUE[[#This Row],[QUANTITE]]*ADAMAFRIQUE[[#This Row],[PRIX UNITAIRE]]) -> 0 | G63: =+SUM(E$9:$E63)-SUM(F$9:$F63) -> 6838100
E64: =$I$2+(ADAMAFRIQUE[[#This Row],[QUANTITE]]*ADAMAFRIQUE[[#This Row],[PRIX UNITAIRE]]) -> 0 | G64: =+SUM(E$9:$E64)-SUM(F$9:$F64) -> 6838100
E65: =$I$2+(ADAMAFRIQUE[[#This Row],[QUANTITE]]*ADAMAFRIQUE[[#This Row],[PRIX UNITAIRE]]) -> 0 | G65: =+SUM(E$9:$E65)-SUM(F$9:$F65) -> 6838100
E66: =$I$2+(ADAMAFRIQUE[[#This Row],[QUANTITE]]*ADAMAFRIQUE[[#This Row],[PRIX UNITAIRE]]) -> 0 | G66: =+SUM(E$9:$E66)-SUM(F$9:$F66) -> 6838100
E67: =$I$2+(ADAMAFRIQUE[[#This Row],[QUANTITE]]*ADAMAFRIQUE[[#This Row],[PRIX UNITAIRE]]) -> 0 | G67: =+SUM(E$9:$E67)-SUM(F$9:$F67) -> 6838100
E68: =$I$2+(ADAMAFRIQUE[[#This Row],[QUANTITE]]*ADAMAFRIQUE[[#This Row],[PRIX UNITAIRE]]) -> 0 | G68: =+SUM(E$9:$E68)-SUM(F$9:$F68) -> 6838100
E69: =$I$2+(ADAMAFRIQUE[[#This Row],[QUANTITE]]*ADAMAFRIQUE[[#This Row],[PRIX UNITAIRE]]) -> 0 | G69: =+SUM(E$9:$E69)-SUM(F$9:$F69) -> 6838100
E70: =$I$2+(ADAMAFRIQUE[[#This Row],[QUANTITE]]*ADAMAFRIQUE[[#This Row],[PRIX UNITAIRE]]) -> 0 | G70: =+SUM(E$9:$E70)-SUM(F$9:$F70) -> 6838100
E71: =$I$2+(ADAMAFRIQUE[[#This Row],[QUANTITE]]*ADAMAFRIQUE[[#This Row],[PRIX UNITAIRE]]) -> 0 | G71: =+SUM(E$9:$E71)-SUM(F$9:$F71) -> 6838100
E72: =$I$2+(ADAMAFRIQUE[[#This Row],[QUANTITE]]*ADAMAFRIQUE[[#This Row],[PRIX UNITAIRE]]) -> 0 | G72: =+SUM(E$9:$E72)-SUM(F$9:$F72) -> 6838100
E73: =$I$2+(ADAMAFRIQUE[[#This Row],[QUANTITE]]*ADAMAFRIQUE[[#This Row],[PRIX UNITAIRE]]) -> 0 | G73: =+SUM(E$9:$E73)-SUM(F$9:$F73) -> 6838100
E74: =$I$2+(ADAMAFRIQUE[[#This Row],[QUANTITE]]*ADAMAFRIQUE[[#This Row],[PRIX UNITAIRE]]) -> 0 | G74: =+SUM(E$9:$E74)-SUM(F$9:$F74) -> 6838100
... E77: =$I$2+(ADAMAFRIQUE[[#This Row],[QUANTITE]]*ADAMAFRIQUE[[#This Row],[PRIX UNITAIRE]]) -> 0 | G77: =+SUM(E$9:$E77)-SUM(F$9:$F77) -> 6838100

Sheet BILAL BIG MAT
I2: 0
D3: ANNEE | E3: CHIFFRE AFFAIRE | F3: TOTAL VERSEMENT | G3: SOLDE
D4: BILAN | E4: =+SUM(BILABIGMAT[TOTAL MONTANT]) -> 700000 | F4: =+SUM(BILABIGMAT[VERSEMENT]) -> 422000 | G4: =+E4-F4 -> 278000
B5: NOM CLIENT
B6: BILAL BIG MAT
A8: DATE | B8: DESIGNATION | C8: QUANTITE | D8: PRIX UNITAIRE | E8: TOTAL MONTANT | F8: VERSEMENT | G8: SOLDE
B9: CREDIT | C9: 1 | D9: 700000 | E9: =+$I$2+(BILABIGMAT[[#This Row],[QUANTITE]]*BILABIGMAT[[#This Row],[PRIX UNITAIRE]]) -> 700000 | G9: =+SUM(E$9:$E9)-SUM(F$9:$F9) -> 700000
